,fecha,demand,breed_id,product_id
2,2019-06-03,0,3,7
3,2019-06-10,0,3,7
4,2019-06-17,0,3,7
5,2019-06-24,0,3,7
7,2019-07-01,0,3,7
8,2019-07-08,0,3,7
9,2019-07-15,0,3,7
10,2019-07-22,0,3,7
11,2019-07-29,0,3,7
13,2019-08-05,0,3,7
14,2019-08-12,0,3,7
15,2019-08-19,0,3,7
16,2019-08-26,0,3,7
18,2019-09-02,0,3,7
19,2019-09-09,0,3,7
20,2019-09-16,0,3,7
21,2019-09-23,0,3,7
22,2019-09-30,0,3,7
24,2019-09-30,0,3,7
25,2019-10-07,0,3,7
26,2019-10-14,0,3,7
27,2019-10-21,0,3,7
28,2019-10-28,0,3,7
30,2019-11-04,0,3,7
31,2019-11-11,0,3,7
32,2019-11-18,0,3,7
33,2019-11-25,0,3,7
35,2019-12-02,0,3,7
36,2019-12-09,0,3,7
37,2019-12-16,0,3,7
38,2019-12-23,0,3,7
39,2019-12-30,0,3,7
41,2020-01-06,0,3,7
42,2020-01-13,0,3,7
43,2020-01-20,0,3,7
44,2020-01-27,0,3,7
46,2020-02-03,0,3,7
47,2020-02-10,0,3,7
48,2020-02-17,0,3,7
49,2020-02-24,0,3,7
51,2020-03-02,0,3,7
52,2020-03-09,0,3,7
53,2020-03-16,0,3,7
54,2020-03-23,0,3,7
55,2020-03-30,0,3,7
57,2020-04-06,0,3,7
58,2020-04-13,0,3,7
59,2020-04-20,0,3,7
60,2020-04-27,0,3,7
62,2020-05-04,0,3,7
63,2020-05-11,0,3,7
64,2020-05-18,0,3,7
65,2020-05-25,0,3,7
67,2020-06-01,0,3,7
68,2020-06-08,0,3,7
69,2020-06-15,0,3,7
70,2020-06-22,0,3,7
71,2020-06-29,0,3,7
73,2020-07-06,0,3,7
74,2020-07-13,0,3,7
75,2020-07-20,0,3,7
76,2020-07-27,0,3,7
78,2020-08-03,0,3,7
79,2020-08-10,0,3,7
80,2020-08-17,0,3,7
81,2020-08-24,0,3,7
82,2020-08-31,0,3,7
84,2020-09-07,0,3,7
85,2020-09-14,0,3,7
86,2020-09-21,0,3,7
87,2020-09-28,0,3,7
89,2020-10-05,0,3,7
90,2020-10-12,0,3,7
91,2020-10-19,0,3,7
92,2020-10-26,0,3,7
94,2020-11-02,0,3,7
95,2020-11-09,0,3,7
96,2020-11-16,0,3,7
97,2020-11-23,0,3,7
98,2020-11-30,0,3,7
100,2020-12-07,0,3,7
101,2020-12-14,0,3,7
102,2020-12-21,0,3,7
103,2020-12-28,0,3,7
105,2021-01-04,0,3,7
106,2021-01-11,0,3,7
107,2021-01-18,0,3,7
108,2021-01-25,0,3,7
110,2021-02-01,0,3,7
111,2021-02-08,0,3,7
112,2021-02-15,0,3,7
113,2021-02-22,0,3,7
115,2021-03-08,0,3,7
116,2021-03-15,0,3,7
117,2021-03-22,0,3,7
118,2021-03-29,0,3,7
120,2021-04-05,0,3,7
121,2021-04-12,0,3,7
122,2021-04-19,0,3,7
123,2021-04-26,0,3,7
125,2021-05-03,0,3,7
126,2021-05-10,0,3,7
127,2021-05-17,0,3,7
128,2021-05-24,0,3,7
129,2021-05-31,0,3,7
131,2021-06-07,0,3,7
132,2021-06-14,0,3,7
133,2021-06-21,0,3,7
134,2021-06-28,0,3,7
136,2021-07-05,13144,3,7
137,2021-07-12,0,3,7
138,2021-07-19,0,3,7
139,2021-07-26,0,3,7
141,2021-08-02,0,3,7
142,2021-08-09,0,3,7
143,2021-08-16,0,3,7
144,2021-08-23,0,3,7
145,2021-08-30,0,3,7
147,2021-09-06,0,3,7
148,2021-09-13,0,3,7
149,2021-09-20,0,3,7
150,2021-09-27,0,3,7
152,2021-10-04,0,3,7
153,2021-10-11,0,3,7
154,2021-10-18,0,3,7
155,2021-10-25,0,3,7
157,2021-11-01,0,3,7
158,2021-11-08,0,3,7
159,2021-11-15,0,3,7
160,2021-11-22,0,3,7
161,2021-11-29,0,3,7
163,2021-12-06,0,3,7
164,2021-12-13,0,3,7
165,2021-12-20,0,3,7
166,2021-12-27,0,3,7
168,2022-01-03,0,3,7
169,2022-01-10,0,3,7
170,2022-01-17,0,3,7
171,2022-01-24,0,3,7
172,2022-01-31,0,3,7
174,2022-02-07,0,3,7
175,2022-02-14,0,3,7
176,2022-02-21,0,3,7
177,2022-02-28,0,3,7
179,2022-03-07,0,3,7
180,2022-03-14,0,3,7
181,2022-03-21,0,3,7
182,2022-03-28,0,3,7
184,2022-04-04,0,3,7
185,2022-04-11,0,3,7
186,2022-04-18,0,3,7
187,2022-04-25,0,3,7
189,2022-05-02,0,3,7
190,2022-05-09,0,3,7
191,2022-05-16,0,3,7
192,2022-05-23,0,3,7
193,2022-05-30,0,3,7
195,2022-06-06,0,3,7
196,2022-06-13,0,3,7
197,2022-06-20,0,3,7
198,2022-06-27,0,3,7
200,2022-07-04,0,3,7
201,2022-07-11,0,3,7
202,2022-07-18,0,3,7
203,2022-07-25,0,3,7
205,2022-08-01,0,3,7
206,2022-08-08,0,3,7
207,2022-08-15,0,3,7
208,2022-08-22,0,3,7
209,2022-08-29,0,3,7
211,2022-09-05,0,3,7
212,2022-09-12,0,3,7
213,2022-09-19,0,3,7
214,2022-09-26,0,3,7
216,2022-10-03,0,3,7
217,2022-10-10,0,3,7
218,2022-10-17,0,3,7
219,2022-10-24,0,3,7
220,2022-10-31,0,3,7
222,2022-11-07,0,3,7
223,2022-11-14,0,3,7
224,2022-11-21,0,3,7
225,2022-11-28,0,3,7
227,2022-12-05,0,3,7
228,2022-12-12,0,3,7
229,2022-12-19,0,3,7
230,2022-12-26,0,3,7
232,2023-01-02,0,3,7
233,2023-01-09,0,3,7
234,2023-01-16,0,3,7
235,2023-01-23,0,3,7
236,2023-01-30,0,3,7
238,2023-02-06,0,3,7
239,2023-02-13,0,3,7
240,2023-02-20,0,3,7
241,2023-02-27,0,3,7
243,2023-03-06,0,3,7
244,2023-03-13,0,3,7
245,2023-03-20,0,3,7
246,2023-03-27,0,3,7
248,2023-04-03,0,3,7
249,2023-04-10,0,3,7
250,2023-04-17,0,3,7
251,2023-04-24,0,3,7
253,2023-05-01,0,3,7
254,2023-05-08,0,3,7
255,2023-05-15,0,3,7
256,2023-05-22,0,3,7
257,2023-05-29,0,3,7
259,2023-06-05,0,3,7
260,2023-06-12,0,3,7
261,2023-06-19,0,3,7
262,2023-06-26,0,3,7
264,2023-07-03,0,3,7
265,2023-07-10,0,3,7
266,2023-07-17,0,3,7
267,2023-07-24,0,3,7
268,2023-07-31,0,3,7
270,2023-08-07,0,3,7
271,2023-08-14,0,3,7
272,2023-08-21,0,3,7
273,2023-08-28,0,3,7
275,2023-09-04,0,3,7
276,2023-09-11,0,3,7
277,2023-09-18,0,3,7
278,2023-09-25,0,3,7
280,2023-10-02,0,3,7
281,2023-10-09,0,3,7
282,2023-10-16,0,3,7
283,2023-10-23,0,3,7
284,2023-10-30,0,3,7
286,2023-11-06,0,3,7
287,2023-11-13,0,3,7
288,2023-11-20,0,3,7
289,2023-11-27,0,3,7
291,2023-11-06,0,3,7
292,2023-11-13,0,3,7
293,2023-11-20,0,3,7
294,2023-11-27,0,3,7
297,2019-06-03,0,4,9
298,2019-06-10,0,4,9
299,2019-06-17,0,4,9
300,2019-06-24,0,4,9
302,2019-07-01,0,4,9
303,2019-07-08,0,4,9
304,2019-07-15,0,4,9
305,2019-07-22,0,4,9
306,2019-07-29,0,4,9
308,2019-08-05,0,4,9
309,2019-08-12,0,4,9
310,2019-08-19,0,4,9
311,2019-08-26,0,4,9
313,2019-09-02,0,4,9
314,2019-09-09,0,4,9
315,2019-09-16,0,4,9
316,2019-09-23,0,4,9
317,2019-09-30,0,4,9
319,2019-09-30,0,4,9
320,2019-10-07,0,4,9
321,2019-10-14,0,4,9
322,2019-10-21,0,4,9
323,2019-10-28,0,4,9
325,2019-11-04,0,4,9
326,2019-11-11,0,4,9
327,2019-11-18,0,4,9
328,2019-11-25,0,4,9
330,2019-12-02,0,4,9
331,2019-12-09,0,4,9
332,2019-12-16,0,4,9
333,2019-12-23,0,4,9
334,2019-12-30,0,4,9
336,2020-01-06,0,4,9
337,2020-01-13,0,4,9
338,2020-01-20,0,4,9
339,2020-01-27,0,4,9
341,2020-02-03,0,4,9
342,2020-02-10,0,4,9
343,2020-02-17,0,4,9
344,2020-02-24,0,4,9
346,2020-03-02,0,4,9
347,2020-03-09,0,4,9
348,2020-03-16,0,4,9
349,2020-03-23,0,4,9
350,2020-03-30,0,4,9
352,2020-04-06,0,4,9
353,2020-04-13,0,4,9
354,2020-04-20,0,4,9
355,2020-04-27,0,4,9
357,2020-05-04,0,4,9
358,2020-05-11,0,4,9
359,2020-05-18,0,4,9
360,2020-05-25,0,4,9
362,2020-06-01,0,4,9
363,2020-06-08,0,4,9
364,2020-06-15,0,4,9
365,2020-06-22,0,4,9
366,2020-06-29,0,4,9
368,2020-07-06,0,4,9
369,2020-07-13,0,4,9
370,2020-07-20,0,4,9
371,2020-07-27,0,4,9
373,2020-08-03,0,4,9
374,2020-08-10,0,4,9
375,2020-08-17,0,4,9
376,2020-08-24,0,4,9
377,2020-08-31,0,4,9
379,2020-09-07,0,4,9
380,2020-09-14,0,4,9
381,2020-09-21,0,4,9
382,2020-09-28,0,4,9
384,2020-10-05,0,4,9
385,2020-10-12,0,4,9
386,2020-10-19,0,4,9
387,2020-10-26,0,4,9
389,2020-11-02,0,4,9
390,2020-11-09,0,4,9
391,2020-11-16,0,4,9
392,2020-11-23,0,4,9
393,2020-11-30,0,4,9
395,2020-12-07,0,4,9
396,2020-12-14,0,4,9
397,2020-12-21,0,4,9
398,2020-12-28,0,4,9
400,2021-01-04,0,4,9
401,2021-01-11,0,4,9
402,2021-01-18,0,4,9
403,2021-01-25,0,4,9
405,2021-02-01,0,4,9
406,2021-02-08,0,4,9
407,2021-02-15,0,4,9
408,2021-02-22,0,4,9
410,2021-03-08,0,4,9
411,2021-03-15,0,4,9
412,2021-03-22,0,4,9
413,2021-03-29,0,4,9
415,2021-04-05,0,4,9
416,2021-04-12,0,4,9
417,2021-04-19,0,4,9
418,2021-04-26,0,4,9
420,2021-05-03,0,4,9
421,2021-05-10,0,4,9
422,2021-05-17,0,4,9
423,2021-05-24,0,4,9
424,2021-05-31,0,4,9
426,2021-06-07,0,4,9
427,2021-06-14,0,4,9
428,2021-06-21,0,4,9
429,2021-06-28,0,4,9
431,2021-07-05,0,4,9
432,2021-07-12,0,4,9
433,2021-07-19,0,4,9
434,2021-07-26,0,4,9
436,2021-08-02,0,4,9
437,2021-08-09,0,4,9
438,2021-08-16,0,4,9
439,2021-08-23,0,4,9
440,2021-08-30,0,4,9
442,2021-09-06,0,4,9
443,2021-09-13,0,4,9
444,2021-09-20,0,4,9
445,2021-09-27,0,4,9
447,2021-10-04,0,4,9
448,2021-10-11,0,4,9
449,2021-10-18,0,4,9
450,2021-10-25,0,4,9
452,2021-11-01,0,4,9
453,2021-11-08,0,4,9
454,2021-11-15,0,4,9
455,2021-11-22,0,4,9
456,2021-11-29,0,4,9
458,2021-12-06,0,4,9
459,2021-12-13,0,4,9
460,2021-12-20,0,4,9
461,2021-12-27,0,4,9
463,2022-01-03,0,4,9
464,2022-01-10,0,4,9
465,2022-01-17,0,4,9
466,2022-01-24,0,4,9
467,2022-01-31,0,4,9
469,2022-02-07,0,4,9
470,2022-02-14,0,4,9
471,2022-02-21,0,4,9
472,2022-02-28,0,4,9
474,2022-03-07,0,4,9
475,2022-03-14,0,4,9
476,2022-03-21,0,4,9
477,2022-03-28,0,4,9
479,2022-04-04,0,4,9
480,2022-04-11,0,4,9
481,2022-04-18,0,4,9
482,2022-04-25,0,4,9
484,2022-05-02,0,4,9
485,2022-05-09,0,4,9
486,2022-05-16,0,4,9
487,2022-05-23,0,4,9
488,2022-05-30,0,4,9
490,2022-06-06,0,4,9
491,2022-06-13,0,4,9
492,2022-06-20,0,4,9
493,2022-06-27,0,4,9
495,2022-07-04,0,4,9
496,2022-07-11,0,4,9
497,2022-07-18,0,4,9
498,2022-07-25,0,4,9
500,2022-08-01,0,4,9
501,2022-08-08,0,4,9
502,2022-08-15,0,4,9
503,2022-08-22,0,4,9
504,2022-08-29,0,4,9
506,2022-09-05,0,4,9
507,2022-09-12,0,4,9
508,2022-09-19,0,4,9
509,2022-09-26,0,4,9
511,2022-10-03,0,4,9
512,2022-10-10,0,4,9
513,2022-10-17,0,4,9
514,2022-10-24,0,4,9
515,2022-10-31,0,4,9
517,2022-11-07,0,4,9
518,2022-11-14,0,4,9
519,2022-11-21,0,4,9
520,2022-11-28,0,4,9
522,2022-12-05,0,4,9
523,2022-12-12,0,4,9
524,2022-12-19,0,4,9
525,2022-12-26,0,4,9
527,2023-01-02,0,4,9
528,2023-01-09,0,4,9
529,2023-01-16,0,4,9
530,2023-01-23,0,4,9
531,2023-01-30,0,4,9
533,2023-02-06,0,4,9
534,2023-02-13,0,4,9
535,2023-02-20,0,4,9
536,2023-02-27,0,4,9
538,2023-03-06,0,4,9
539,2023-03-13,0,4,9
540,2023-03-20,0,4,9
541,2023-03-27,0,4,9
543,2023-04-03,0,4,9
544,2023-04-10,0,4,9
545,2023-04-17,0,4,9
546,2023-04-24,0,4,9
548,2023-05-01,0,4,9
549,2023-05-08,0,4,9
550,2023-05-15,0,4,9
551,2023-05-22,0,4,9
552,2023-05-29,0,4,9
554,2023-06-05,0,4,9
555,2023-06-12,0,4,9
556,2023-06-19,0,4,9
557,2023-06-26,0,4,9
559,2023-07-03,0,4,9
560,2023-07-10,0,4,9
561,2023-07-17,0,4,9
562,2023-07-24,0,4,9
563,2023-07-31,0,4,9
565,2023-08-07,0,4,9
566,2023-08-14,0,4,9
567,2023-08-21,0,4,9
568,2023-08-28,0,4,9
570,2023-09-04,0,4,9
571,2023-09-11,0,4,9
572,2023-09-18,0,4,9
573,2023-09-25,0,4,9
575,2023-10-02,0,4,9
576,2023-10-09,0,4,9
577,2023-10-16,0,4,9
578,2023-10-23,0,4,9
579,2023-10-30,0,4,9
581,2023-11-06,0,4,9
582,2023-11-13,0,4,9
583,2023-11-20,0,4,9
584,2023-11-27,0,4,9
586,2023-11-06,0,4,9
587,2023-11-13,0,4,9
588,2023-11-20,0,4,9
589,2023-11-27,0,4,9
592,2019-06-03,0,2,8
593,2019-06-10,0,2,8
594,2019-06-17,0,2,8
595,2019-06-24,0,2,8
597,2019-07-01,0,2,8
598,2019-07-08,0,2,8
599,2019-07-15,0,2,8
600,2019-07-22,0,2,8
601,2019-07-29,0,2,8
603,2019-08-05,0,2,8
604,2019-08-12,0,2,8
605,2019-08-19,0,2,8
606,2019-08-26,0,2,8
608,2019-09-02,0,2,8
609,2019-09-09,0,2,8
610,2019-09-16,0,2,8
611,2019-09-23,0,2,8
612,2019-09-30,0,2,8
614,2019-09-30,0,2,8
615,2019-10-07,0,2,8
616,2019-10-14,0,2,8
617,2019-10-21,0,2,8
618,2019-10-28,0,2,8
620,2019-11-04,0,2,8
621,2019-11-11,0,2,8
622,2019-11-18,0,2,8
623,2019-11-25,0,2,8
625,2019-12-02,0,2,8
626,2019-12-09,0,2,8
627,2019-12-16,0,2,8
628,2019-12-23,0,2,8
629,2019-12-30,0,2,8
631,2020-01-06,0,2,8
632,2020-01-13,0,2,8
633,2020-01-20,0,2,8
634,2020-01-27,0,2,8
636,2020-02-03,0,2,8
637,2020-02-10,0,2,8
638,2020-02-17,0,2,8
639,2020-02-24,0,2,8
641,2020-03-02,0,2,8
642,2020-03-09,0,2,8
643,2020-03-16,0,2,8
644,2020-03-23,0,2,8
645,2020-03-30,0,2,8
647,2020-04-06,0,2,8
648,2020-04-13,0,2,8
649,2020-04-20,0,2,8
650,2020-04-27,0,2,8
652,2020-05-04,0,2,8
653,2020-05-11,0,2,8
654,2020-05-18,0,2,8
655,2020-05-25,0,2,8
657,2020-06-01,0,2,8
658,2020-06-08,0,2,8
659,2020-06-15,0,2,8
660,2020-06-22,0,2,8
661,2020-06-29,0,2,8
663,2020-07-06,0,2,8
664,2020-07-13,0,2,8
665,2020-07-20,0,2,8
666,2020-07-27,0,2,8
668,2020-08-03,0,2,8
669,2020-08-10,0,2,8
670,2020-08-17,0,2,8
671,2020-08-24,0,2,8
672,2020-08-31,0,2,8
674,2020-09-07,0,2,8
675,2020-09-14,0,2,8
676,2020-09-21,0,2,8
677,2020-09-28,0,2,8
679,2020-10-05,0,2,8
680,2020-10-12,0,2,8
681,2020-10-19,0,2,8
682,2020-10-26,0,2,8
684,2020-11-02,0,2,8
685,2020-11-09,0,2,8
686,2020-11-16,0,2,8
687,2020-11-23,0,2,8
688,2020-11-30,0,2,8
690,2020-12-07,0,2,8
691,2020-12-14,0,2,8
692,2020-12-21,0,2,8
693,2020-12-28,0,2,8
695,2021-01-04,0,2,8
696,2021-01-11,0,2,8
697,2021-01-18,0,2,8
698,2021-01-25,0,2,8
700,2021-02-01,0,2,8
701,2021-02-08,0,2,8
702,2021-02-15,0,2,8
703,2021-02-22,0,2,8
705,2021-03-08,0,2,8
706,2021-03-15,0,2,8
707,2021-03-22,0,2,8
708,2021-03-29,0,2,8
710,2021-04-05,0,2,8
711,2021-04-12,0,2,8
712,2021-04-19,0,2,8
713,2021-04-26,0,2,8
715,2021-05-03,0,2,8
716,2021-05-10,0,2,8
717,2021-05-17,0,2,8
718,2021-05-24,0,2,8
719,2021-05-31,0,2,8
721,2021-06-07,0,2,8
722,2021-06-14,0,2,8
723,2021-06-21,0,2,8
724,2021-06-28,0,2,8
726,2021-07-05,190540,2,8
727,2021-07-12,0,2,8
728,2021-07-19,0,2,8
729,2021-07-26,0,2,8
731,2021-08-02,0,2,8
732,2021-08-09,0,2,8
733,2021-08-16,0,2,8
734,2021-08-23,0,2,8
735,2021-08-30,0,2,8
737,2021-09-06,0,2,8
738,2021-09-13,0,2,8
739,2021-09-20,0,2,8
740,2021-09-27,0,2,8
742,2021-10-04,0,2,8
743,2021-10-11,0,2,8
744,2021-10-18,0,2,8
745,2021-10-25,0,2,8
747,2021-11-01,0,2,8
748,2021-11-08,0,2,8
749,2021-11-15,0,2,8
750,2021-11-22,0,2,8
751,2021-11-29,0,2,8
753,2021-12-06,0,2,8
754,2021-12-13,0,2,8
755,2021-12-20,0,2,8
756,2021-12-27,0,2,8
758,2022-01-03,0,2,8
759,2022-01-10,0,2,8
760,2022-01-17,0,2,8
761,2022-01-24,0,2,8
762,2022-01-31,0,2,8
764,2022-02-07,0,2,8
765,2022-02-14,0,2,8
766,2022-02-21,0,2,8
767,2022-02-28,0,2,8
769,2022-03-07,0,2,8
770,2022-03-14,0,2,8
771,2022-03-21,0,2,8
772,2022-03-28,0,2,8
774,2022-04-04,0,2,8
775,2022-04-11,0,2,8
776,2022-04-18,0,2,8
777,2022-04-25,0,2,8
779,2022-05-02,0,2,8
780,2022-05-09,0,2,8
781,2022-05-16,0,2,8
782,2022-05-23,0,2,8
783,2022-05-30,0,2,8
785,2022-06-06,0,2,8
786,2022-06-13,0,2,8
787,2022-06-20,0,2,8
788,2022-06-27,0,2,8
790,2022-07-04,0,2,8
791,2022-07-11,0,2,8
792,2022-07-18,0,2,8
793,2022-07-25,0,2,8
795,2022-08-01,0,2,8
796,2022-08-08,0,2,8
797,2022-08-15,0,2,8
798,2022-08-22,0,2,8
799,2022-08-29,0,2,8
801,2022-09-05,0,2,8
802,2022-09-12,0,2,8
803,2022-09-19,0,2,8
804,2022-09-26,0,2,8
806,2022-10-03,0,2,8
807,2022-10-10,0,2,8
808,2022-10-17,0,2,8
809,2022-10-24,0,2,8
810,2022-10-31,0,2,8
812,2022-11-07,0,2,8
813,2022-11-14,0,2,8
814,2022-11-21,0,2,8
815,2022-11-28,0,2,8
817,2022-12-05,0,2,8
818,2022-12-12,0,2,8
819,2022-12-19,0,2,8
820,2022-12-26,0,2,8
822,2023-01-02,0,2,8
823,2023-01-09,0,2,8
824,2023-01-16,0,2,8
825,2023-01-23,0,2,8
826,2023-01-30,0,2,8
828,2023-02-06,0,2,8
829,2023-02-13,0,2,8
830,2023-02-20,0,2,8
831,2023-02-27,0,2,8
833,2023-03-06,0,2,8
834,2023-03-13,0,2,8
835,2023-03-20,0,2,8
836,2023-03-27,0,2,8
838,2023-04-03,0,2,8
839,2023-04-10,0,2,8
840,2023-04-17,0,2,8
841,2023-04-24,0,2,8
843,2023-05-01,0,2,8
844,2023-05-08,0,2,8
845,2023-05-15,0,2,8
846,2023-05-22,0,2,8
847,2023-05-29,0,2,8
849,2023-06-05,0,2,8
850,2023-06-12,0,2,8
851,2023-06-19,0,2,8
852,2023-06-26,0,2,8
854,2023-07-03,0,2,8
855,2023-07-10,0,2,8
856,2023-07-17,0,2,8
857,2023-07-24,0,2,8
858,2023-07-31,0,2,8
860,2023-08-07,0,2,8
861,2023-08-14,0,2,8
862,2023-08-21,0,2,8
863,2023-08-28,0,2,8
865,2023-09-04,0,2,8
866,2023-09-11,0,2,8
867,2023-09-18,0,2,8
868,2023-09-25,0,2,8
870,2023-10-02,0,2,8
871,2023-10-09,0,2,8
872,2023-10-16,0,2,8
873,2023-10-23,0,2,8
874,2023-10-30,0,2,8
876,2023-11-06,0,2,8
877,2023-11-13,0,2,8
878,2023-11-20,0,2,8
879,2023-11-27,0,2,8
881,2023-11-06,0,2,8
882,2023-11-13,0,2,8
883,2023-11-20,0,2,8
884,2023-11-27,0,2,8
887,2019-06-03,0,4,10
888,2019-06-10,0,4,10
889,2019-06-17,0,4,10
890,2019-06-24,0,4,10
892,2019-07-01,0,4,10
893,2019-07-08,0,4,10
894,2019-07-15,0,4,10
895,2019-07-22,0,4,10
896,2019-07-29,0,4,10
898,2019-08-05,0,4,10
899,2019-08-12,0,4,10
900,2019-08-19,0,4,10
901,2019-08-26,0,4,10
903,2019-09-02,0,4,10
904,2019-09-09,0,4,10
905,2019-09-16,0,4,10
906,2019-09-23,0,4,10
907,2019-09-30,0,4,10
909,2019-09-30,0,4,10
910,2019-10-07,0,4,10
911,2019-10-14,0,4,10
912,2019-10-21,0,4,10
913,2019-10-28,0,4,10
915,2019-11-04,0,4,10
916,2019-11-11,0,4,10
917,2019-11-18,0,4,10
918,2019-11-25,0,4,10
920,2019-12-02,0,4,10
921,2019-12-09,0,4,10
922,2019-12-16,0,4,10
923,2019-12-23,0,4,10
924,2019-12-30,0,4,10
926,2020-01-06,0,4,10
927,2020-01-13,0,4,10
928,2020-01-20,0,4,10
929,2020-01-27,0,4,10
931,2020-02-03,0,4,10
932,2020-02-10,0,4,10
933,2020-02-17,0,4,10
934,2020-02-24,0,4,10
936,2020-03-02,0,4,10
937,2020-03-09,0,4,10
938,2020-03-16,0,4,10
939,2020-03-23,0,4,10
940,2020-03-30,0,4,10
942,2020-04-06,0,4,10
943,2020-04-13,0,4,10
944,2020-04-20,0,4,10
945,2020-04-27,0,4,10
947,2020-05-04,0,4,10
948,2020-05-11,0,4,10
949,2020-05-18,0,4,10
950,2020-05-25,0,4,10
952,2020-06-01,0,4,10
953,2020-06-08,0,4,10
954,2020-06-15,0,4,10
955,2020-06-22,0,4,10
956,2020-06-29,0,4,10
958,2020-07-06,0,4,10
959,2020-07-13,0,4,10
960,2020-07-20,0,4,10
961,2020-07-27,0,4,10
963,2020-08-03,0,4,10
964,2020-08-10,0,4,10
965,2020-08-17,0,4,10
966,2020-08-24,0,4,10
967,2020-08-31,0,4,10
969,2020-09-07,0,4,10
970,2020-09-14,0,4,10
971,2020-09-21,0,4,10
972,2020-09-28,0,4,10
974,2020-10-05,0,4,10
975,2020-10-12,0,4,10
976,2020-10-19,0,4,10
977,2020-10-26,0,4,10
979,2020-11-02,0,4,10
980,2020-11-09,0,4,10
981,2020-11-16,0,4,10
982,2020-11-23,0,4,10
983,2020-11-30,0,4,10
985,2020-12-07,0,4,10
986,2020-12-14,0,4,10
987,2020-12-21,0,4,10
988,2020-12-28,0,4,10
990,2021-01-04,0,4,10
991,2021-01-11,0,4,10
992,2021-01-18,0,4,10
993,2021-01-25,0,4,10
995,2021-02-01,0,4,10
996,2021-02-08,0,4,10
997,2021-02-15,0,4,10
998,2021-02-22,0,4,10
1000,2021-03-08,0,4,10
1001,2021-03-15,0,4,10
1002,2021-03-22,0,4,10
1003,2021-03-29,0,4,10
1005,2021-04-05,0,4,10
1006,2021-04-12,0,4,10
1007,2021-04-19,0,4,10
1008,2021-04-26,0,4,10
1010,2021-05-03,0,4,10
1011,2021-05-10,0,4,10
1012,2021-05-17,0,4,10
1013,2021-05-24,0,4,10
1014,2021-05-31,0,4,10
1016,2021-06-07,0,4,10
1017,2021-06-14,0,4,10
1018,2021-06-21,0,4,10
1019,2021-06-28,0,4,10
1021,2021-07-05,0,4,10
1022,2021-07-12,0,4,10
1023,2021-07-19,0,4,10
1024,2021-07-26,0,4,10
1026,2021-08-02,0,4,10
1027,2021-08-09,0,4,10
1028,2021-08-16,0,4,10
1029,2021-08-23,0,4,10
1030,2021-08-30,0,4,10
1032,2021-09-06,0,4,10
1033,2021-09-13,0,4,10
1034,2021-09-20,0,4,10
1035,2021-09-27,0,4,10
1037,2021-10-04,0,4,10
1038,2021-10-11,0,4,10
1039,2021-10-18,0,4,10
1040,2021-10-25,0,4,10
1042,2021-11-01,0,4,10
1043,2021-11-08,0,4,10
1044,2021-11-15,0,4,10
1045,2021-11-22,0,4,10
1046,2021-11-29,0,4,10
1048,2021-12-06,0,4,10
1049,2021-12-13,0,4,10
1050,2021-12-20,0,4,10
1051,2021-12-27,0,4,10
1053,2022-01-03,0,4,10
1054,2022-01-10,0,4,10
1055,2022-01-17,0,4,10
1056,2022-01-24,0,4,10
1057,2022-01-31,0,4,10
1059,2022-02-07,0,4,10
1060,2022-02-14,0,4,10
1061,2022-02-21,0,4,10
1062,2022-02-28,0,4,10
1064,2022-03-07,0,4,10
1065,2022-03-14,0,4,10
1066,2022-03-21,0,4,10
1067,2022-03-28,0,4,10
1069,2022-04-04,0,4,10
1070,2022-04-11,0,4,10
1071,2022-04-18,0,4,10
1072,2022-04-25,0,4,10
1074,2022-05-02,0,4,10
1075,2022-05-09,0,4,10
1076,2022-05-16,0,4,10
1077,2022-05-23,0,4,10
1078,2022-05-30,0,4,10
1080,2022-06-06,0,4,10
1081,2022-06-13,0,4,10
1082,2022-06-20,0,4,10
1083,2022-06-27,0,4,10
1085,2022-07-04,0,4,10
1086,2022-07-11,0,4,10
1087,2022-07-18,0,4,10
1088,2022-07-25,0,4,10
1090,2022-08-01,0,4,10
1091,2022-08-08,0,4,10
1092,2022-08-15,0,4,10
1093,2022-08-22,0,4,10
1094,2022-08-29,0,4,10
1096,2022-09-05,0,4,10
1097,2022-09-12,0,4,10
1098,2022-09-19,0,4,10
1099,2022-09-26,0,4,10
1101,2022-10-03,0,4,10
1102,2022-10-10,0,4,10
1103,2022-10-17,0,4,10
1104,2022-10-24,0,4,10
1105,2022-10-31,0,4,10
1107,2022-11-07,0,4,10
1108,2022-11-14,0,4,10
1109,2022-11-21,0,4,10
1110,2022-11-28,0,4,10
1112,2022-12-05,0,4,10
1113,2022-12-12,0,4,10
1114,2022-12-19,0,4,10
1115,2022-12-26,0,4,10
1117,2023-01-02,0,4,10
1118,2023-01-09,0,4,10
1119,2023-01-16,0,4,10
1120,2023-01-23,0,4,10
1121,2023-01-30,0,4,10
1123,2023-02-06,0,4,10
1124,2023-02-13,0,4,10
1125,2023-02-20,0,4,10
1126,2023-02-27,0,4,10
1128,2023-03-06,0,4,10
1129,2023-03-13,0,4,10
1130,2023-03-20,0,4,10
1131,2023-03-27,0,4,10
1133,2023-04-03,0,4,10
1134,2023-04-10,0,4,10
1135,2023-04-17,0,4,10
1136,2023-04-24,0,4,10
1138,2023-05-01,0,4,10
1139,2023-05-08,0,4,10
1140,2023-05-15,0,4,10
1141,2023-05-22,0,4,10
1142,2023-05-29,0,4,10
1144,2023-06-05,0,4,10
1145,2023-06-12,0,4,10
1146,2023-06-19,0,4,10
1147,2023-06-26,0,4,10
1149,2023-07-03,0,4,10
1150,2023-07-10,0,4,10
1151,2023-07-17,0,4,10
1152,2023-07-24,0,4,10
1153,2023-07-31,0,4,10
1155,2023-08-07,0,4,10
1156,2023-08-14,0,4,10
1157,2023-08-21,0,4,10
1158,2023-08-28,0,4,10
1160,2023-09-04,0,4,10
1161,2023-09-11,0,4,10
1162,2023-09-18,0,4,10
1163,2023-09-25,0,4,10
1165,2023-10-02,0,4,10
1166,2023-10-09,0,4,10
1167,2023-10-16,0,4,10
1168,2023-10-23,0,4,10
1169,2023-10-30,0,4,10
1171,2023-11-06,0,4,10
1172,2023-11-13,0,4,10
1173,2023-11-20,0,4,10
1174,2023-11-27,0,4,10
1176,2023-11-06,0,4,10
1177,2023-11-13,0,4,10
1178,2023-11-20,0,4,10
1179,2023-11-27,0,4,10
1182,2019-06-03,0,2,2
1183,2019-06-10,0,2,2
1184,2019-06-17,0,2,2
1185,2019-06-24,0,2,2
1187,2019-07-01,0,2,2
1188,2019-07-08,0,2,2
1189,2019-07-15,0,2,2
1190,2019-07-22,0,2,2
1191,2019-07-29,0,2,2
1193,2019-08-05,0,2,2
1194,2019-08-12,0,2,2
1195,2019-08-19,0,2,2
1196,2019-08-26,0,2,2
1198,2019-09-02,0,2,2
1199,2019-09-09,0,2,2
1200,2019-09-16,0,2,2
1201,2019-09-23,0,2,2
1202,2019-09-30,0,2,2
1204,2019-09-30,0,2,2
1205,2019-10-07,0,2,2
1206,2019-10-14,0,2,2
1207,2019-10-21,0,2,2
1208,2019-10-28,0,2,2
1210,2019-11-04,0,2,2
1211,2019-11-11,0,2,2
1212,2019-11-18,0,2,2
1213,2019-11-25,0,2,2
1215,2019-12-02,0,2,2
1216,2019-12-09,0,2,2
1217,2019-12-16,0,2,2
1218,2019-12-23,0,2,2
1219,2019-12-30,0,2,2
1221,2020-01-06,0,2,2
1222,2020-01-13,0,2,2
1223,2020-01-20,0,2,2
1224,2020-01-27,0,2,2
1226,2020-02-03,0,2,2
1227,2020-02-10,0,2,2
1228,2020-02-17,0,2,2
1229,2020-02-24,0,2,2
1231,2020-03-02,0,2,2
1232,2020-03-09,0,2,2
1233,2020-03-16,0,2,2
1234,2020-03-23,0,2,2
1235,2020-03-30,0,2,2
1237,2020-04-06,0,2,2
1238,2020-04-13,0,2,2
1239,2020-04-20,0,2,2
1240,2020-04-27,0,2,2
1242,2020-05-04,0,2,2
1243,2020-05-11,0,2,2
1244,2020-05-18,0,2,2
1245,2020-05-25,0,2,2
1247,2020-06-01,0,2,2
1248,2020-06-08,0,2,2
1249,2020-06-15,0,2,2
1250,2020-06-22,0,2,2
1251,2020-06-29,0,2,2
1253,2020-07-06,0,2,2
1254,2020-07-13,0,2,2
1255,2020-07-20,0,2,2
1256,2020-07-27,0,2,2
1258,2020-08-03,0,2,2
1259,2020-08-10,0,2,2
1260,2020-08-17,0,2,2
1261,2020-08-24,0,2,2
1262,2020-08-31,0,2,2
1264,2020-09-07,0,2,2
1265,2020-09-14,0,2,2
1266,2020-09-21,0,2,2
1267,2020-09-28,0,2,2
1269,2020-10-05,0,2,2
1270,2020-10-12,0,2,2
1271,2020-10-19,0,2,2
1272,2020-10-26,0,2,2
1274,2020-11-02,0,2,2
1275,2020-11-09,0,2,2
1276,2020-11-16,0,2,2
1277,2020-11-23,0,2,2
1278,2020-11-30,0,2,2
1280,2020-12-07,0,2,2
1281,2020-12-14,0,2,2
1282,2020-12-21,0,2,2
1283,2020-12-28,0,2,2
1285,2021-01-04,0,2,2
1286,2021-01-11,0,2,2
1287,2021-01-18,0,2,2
1288,2021-01-25,0,2,2
1290,2021-02-01,0,2,2
1291,2021-02-08,0,2,2
1292,2021-02-15,0,2,2
1293,2021-02-22,0,2,2
1295,2021-03-08,0,2,2
1296,2021-03-15,0,2,2
1297,2021-03-22,0,2,2
1298,2021-03-29,0,2,2
1300,2021-04-05,0,2,2
1301,2021-04-12,0,2,2
1302,2021-04-19,0,2,2
1303,2021-04-26,0,2,2
1305,2021-05-03,0,2,2
1306,2021-05-10,0,2,2
1307,2021-05-17,0,2,2
1308,2021-05-24,0,2,2
1309,2021-05-31,0,2,2
1311,2021-06-07,0,2,2
1312,2021-06-14,0,2,2
1313,2021-06-21,0,2,2
1314,2021-06-28,0,2,2
1316,2021-07-05,401025,2,2
1317,2021-07-12,561435,2,2
1318,2021-07-19,561435,2,2
1319,2021-07-26,561435,2,2
1321,2021-08-02,568167,2,2
1322,2021-08-09,626793,2,2
1323,2021-08-16,692993,2,2
1324,2021-08-23,692993,2,2
1325,2021-08-30,692993,2,2
1327,2021-09-06,669628,2,2
1328,2021-09-13,652988,2,2
1329,2021-09-20,652988,2,2
1330,2021-09-27,746272,2,2
1332,2021-10-04,689088,2,2
1333,2021-10-11,703033,2,2
1334,2021-10-18,702835,2,2
1335,2021-10-25,702835,2,2
1337,2021-11-01,683829,2,2
1338,2021-11-08,634934,2,2
1339,2021-11-15,633094,2,2
1340,2021-11-22,640020,2,2
1341,2021-11-29,657335,2,2
1343,2021-12-06,670391,2,2
1344,2021-12-13,676459,2,2
1345,2021-12-20,676459,2,2
1346,2021-12-27,676969,2,2
1348,2022-01-03,699482,2,2
1349,2022-01-10,714884,2,2
1350,2022-01-17,723632,2,2
1351,2022-01-24,724712,2,2
1352,2022-01-31,738974,2,2
1354,2022-02-07,750670,2,2
1355,2022-02-14,745360,2,2
1356,2022-02-21,746029,2,2
1357,2022-02-28,640218,2,2
1359,2022-03-07,734181,2,2
1360,2022-03-14,735420,2,2
1361,2022-03-21,735420,2,2
1362,2022-03-28,734860,2,2
1364,2022-04-04,753568,2,2
1365,2022-04-11,758974,2,2
1366,2022-04-18,755524,2,2
1367,2022-04-25,756384,2,2
1369,2022-05-02,754643,2,2
1370,2022-05-09,748078,2,2
1371,2022-05-16,746578,2,2
1372,2022-05-23,746462,2,2
1373,2022-05-30,746172,2,2
1375,2022-06-06,757956,2,2
1376,2022-06-13,763665,2,2
1377,2022-06-20,763665,2,2
1378,2022-06-27,764223,2,2
1380,2022-07-04,770448,2,2
1381,2022-07-11,779412,2,2
1382,2022-07-18,780003,2,2
1383,2022-07-25,780279,2,2
1385,2022-08-01,778904,2,2
1386,2022-08-08,769181,2,2
1387,2022-08-15,773591,2,2
1388,2022-08-22,773513,2,2
1389,2022-08-29,773045,2,2
1391,2022-09-05,772909,2,2
1392,2022-09-12,766381,2,2
1393,2022-09-19,765310,2,2
1394,2022-09-26,874675,2,2
1396,2022-10-03,788420,2,2
1397,2022-10-10,823179,2,2
1398,2022-10-17,828527,2,2
1399,2022-10-24,829574,2,2
1400,2022-10-31,830970,2,2
1402,2022-11-07,701142,2,2
1403,2022-11-14,693084,2,2
1404,2022-11-21,693084,2,2
1405,2022-11-28,687092,2,2
1407,2022-12-05,696228,2,2
1408,2022-12-12,708215,2,2
1409,2022-12-19,710269,2,2
1410,2022-12-26,710629,2,2
1412,2023-01-02,726595,2,2
1413,2023-01-09,744495,2,2
1414,2023-01-16,759815,2,2
1415,2023-01-23,760575,2,2
1416,2023-01-30,763120,2,2
1418,2023-02-06,771250,2,2
1419,2023-02-13,761950,2,2
1420,2023-02-20,762050,2,2
1421,2023-02-27,653700,2,2
1423,2023-03-06,778782,2,2
1424,2023-03-13,789161,2,2
1425,2023-03-20,788473,2,2
1426,2023-03-27,789213,2,2
1428,2023-04-03,787504,2,2
1429,2023-04-10,780262,2,2
1430,2023-04-17,776307,2,2
1431,2023-04-24,776211,2,2
1433,2023-05-01,775971,2,2
1434,2023-05-08,786771,2,2
1435,2023-05-15,779702,2,2
1436,2023-05-22,779702,2,2
1437,2023-05-29,780170,2,2
1439,2023-06-05,795971,2,2
1440,2023-06-12,821039,2,2
1441,2023-06-19,824117,2,2
1442,2023-06-26,824843,2,2
1444,2023-07-03,817014,2,2
1445,2023-07-10,764942,2,2
1446,2023-07-17,769202,2,2
1447,2023-07-24,768801,2,2
1448,2023-07-31,766395,2,2
1450,2023-08-07,784559,2,2
1451,2023-08-14,792206,2,2
1452,2023-08-21,791210,2,2
1453,2023-08-28,792042,2,2
1455,2023-09-04,780384,2,2
1456,2023-09-11,749531,2,2
1457,2023-09-18,749161,2,2
1458,2023-09-25,855371,2,2
1460,2023-10-02,747264,2,2
1461,2023-10-09,130230,2,2
1462,2023-10-16,132342,2,2
1463,2023-10-23,132342,2,2
1464,2023-10-30,104286,2,2
1466,2023-11-06,104286,2,2
1467,2023-11-13,29796,2,2
1468,2023-11-20,0,2,2
1469,2023-11-27,0,2,2
1471,2023-11-06,0,2,2
1472,2023-11-13,0,2,2
1473,2023-11-20,0,2,2
1474,2023-11-27,0,2,2
1477,2019-06-03,0,3,1
1478,2019-06-10,0,3,1
1479,2019-06-17,0,3,1
1480,2019-06-24,0,3,1
1482,2019-07-01,0,3,1
1483,2019-07-08,0,3,1
1484,2019-07-15,0,3,1
1485,2019-07-22,0,3,1
1486,2019-07-29,0,3,1
1488,2019-08-05,0,3,1
1489,2019-08-12,0,3,1
1490,2019-08-19,0,3,1
1491,2019-08-26,0,3,1
1493,2019-09-02,0,3,1
1494,2019-09-09,0,3,1
1495,2019-09-16,0,3,1
1496,2019-09-23,0,3,1
1497,2019-09-30,0,3,1
1499,2019-09-30,0,3,1
1500,2019-10-07,0,3,1
1501,2019-10-14,0,3,1
1502,2019-10-21,0,3,1
1503,2019-10-28,0,3,1
1505,2019-11-04,0,3,1
1506,2019-11-11,0,3,1
1507,2019-11-18,0,3,1
1508,2019-11-25,0,3,1
1510,2019-12-02,0,3,1
1511,2019-12-09,0,3,1
1512,2019-12-16,0,3,1
1513,2019-12-23,0,3,1
1514,2019-12-30,0,3,1
1516,2020-01-06,0,3,1
1517,2020-01-13,0,3,1
1518,2020-01-20,0,3,1
1519,2020-01-27,0,3,1
1521,2020-02-03,0,3,1
1522,2020-02-10,0,3,1
1523,2020-02-17,0,3,1
1524,2020-02-24,0,3,1
1526,2020-03-02,0,3,1
1527,2020-03-09,0,3,1
1528,2020-03-16,0,3,1
1529,2020-03-23,0,3,1
1530,2020-03-30,0,3,1
1532,2020-04-06,0,3,1
1533,2020-04-13,0,3,1
1534,2020-04-20,0,3,1
1535,2020-04-27,0,3,1
1537,2020-05-04,0,3,1
1538,2020-05-11,0,3,1
1539,2020-05-18,0,3,1
1540,2020-05-25,0,3,1
1542,2020-06-01,0,3,1
1543,2020-06-08,0,3,1
1544,2020-06-15,0,3,1
1545,2020-06-22,0,3,1
1546,2020-06-29,0,3,1
1548,2020-07-06,0,3,1
1549,2020-07-13,0,3,1
1550,2020-07-20,0,3,1
1551,2020-07-27,0,3,1
1553,2020-08-03,0,3,1
1554,2020-08-10,0,3,1
1555,2020-08-17,0,3,1
1556,2020-08-24,0,3,1
1557,2020-08-31,0,3,1
1559,2020-09-07,0,3,1
1560,2020-09-14,0,3,1
1561,2020-09-21,0,3,1
1562,2020-09-28,0,3,1
1564,2020-10-05,0,3,1
1565,2020-10-12,0,3,1
1566,2020-10-19,0,3,1
1567,2020-10-26,0,3,1
1569,2020-11-02,0,3,1
1570,2020-11-09,0,3,1
1571,2020-11-16,0,3,1
1572,2020-11-23,0,3,1
1573,2020-11-30,0,3,1
1575,2020-12-07,0,3,1
1576,2020-12-14,0,3,1
1577,2020-12-21,0,3,1
1578,2020-12-28,0,3,1
1580,2021-01-04,0,3,1
1581,2021-01-11,0,3,1
1582,2021-01-18,0,3,1
1583,2021-01-25,0,3,1
1585,2021-02-01,0,3,1
1586,2021-02-08,0,3,1
1587,2021-02-15,0,3,1
1588,2021-02-22,0,3,1
1590,2021-03-08,0,3,1
1591,2021-03-15,0,3,1
1592,2021-03-22,0,3,1
1593,2021-03-29,0,3,1
1595,2021-04-05,0,3,1
1596,2021-04-12,0,3,1
1597,2021-04-19,0,3,1
1598,2021-04-26,0,3,1
1600,2021-05-03,0,3,1
1601,2021-05-10,0,3,1
1602,2021-05-17,0,3,1
1603,2021-05-24,0,3,1
1604,2021-05-31,0,3,1
1606,2021-06-07,0,3,1
1607,2021-06-14,0,3,1
1608,2021-06-21,0,3,1
1609,2021-06-28,0,3,1
1611,2021-07-05,36075,3,1
1612,2021-07-12,50505,3,1
1613,2021-07-19,50505,3,1
1614,2021-07-26,50505,3,1
1616,2021-08-02,51114,3,1
1617,2021-08-09,51926,3,1
1618,2021-08-16,51926,3,1
1619,2021-08-23,51926,3,1
1620,2021-08-30,51926,3,1
1622,2021-09-06,49868,3,1
1623,2021-09-13,49525,3,1
1624,2021-09-20,49525,3,1
1625,2021-09-27,56600,3,1
1627,2021-10-04,52960,3,1
1628,2021-10-11,54334,3,1
1629,2021-10-18,54334,3,1
1630,2021-10-25,54334,3,1
1632,2021-11-01,47134,3,1
1633,2021-11-08,29134,3,1
1634,2021-11-15,29134,3,1
1635,2021-11-22,29134,3,1
1636,2021-11-29,29134,3,1
1638,2021-12-06,29746,3,1
1639,2021-12-13,29848,3,1
1640,2021-12-20,29848,3,1
1641,2021-12-27,29848,3,1
1643,2022-01-03,31150,3,1
1644,2022-01-10,31367,3,1
1645,2022-01-17,31367,3,1
1646,2022-01-24,31367,3,1
1647,2022-01-31,32171,3,1
1649,2022-02-07,33243,3,1
1650,2022-02-14,33243,3,1
1651,2022-02-21,33243,3,1
1652,2022-02-28,28494,3,1
1654,2022-03-07,32571,3,1
1655,2022-03-14,32571,3,1
1656,2022-03-21,32571,3,1
1657,2022-03-28,32571,3,1
1659,2022-04-04,33603,3,1
1660,2022-04-11,34377,3,1
1661,2022-04-18,34377,3,1
1662,2022-04-25,34377,3,1
1664,2022-05-02,34237,3,1
1665,2022-05-09,33887,3,1
1666,2022-05-16,33887,3,1
1667,2022-05-23,33887,3,1
1668,2022-05-30,33887,3,1
1670,2022-06-06,34559,3,1
1671,2022-06-13,34671,3,1
1672,2022-06-20,34671,3,1
1673,2022-06-27,34671,3,1
1675,2022-07-04,35004,3,1
1676,2022-07-11,35448,3,1
1677,2022-07-18,35448,3,1
1678,2022-07-25,35448,3,1
1680,2022-08-01,35354,3,1
1681,2022-08-08,34790,3,1
1682,2022-08-15,34790,3,1
1683,2022-08-22,34790,3,1
1684,2022-08-29,34790,3,1
1686,2022-09-05,34822,3,1
1687,2022-09-12,34846,3,1
1688,2022-09-19,34846,3,1
1689,2022-09-26,39824,3,1
1691,2022-10-03,36106,3,1
1692,2022-10-10,37786,3,1
1693,2022-10-17,37786,3,1
1694,2022-10-24,37786,3,1
1695,2022-10-31,37786,3,1
1697,2022-11-07,30583,3,1
1698,2022-11-14,30583,3,1
1699,2022-11-21,30583,3,1
1700,2022-11-28,30583,3,1
1702,2022-12-05,31015,3,1
1703,2022-12-12,31339,3,1
1704,2022-12-19,31339,3,1
1705,2022-12-26,31339,3,1
1707,2023-01-02,32255,3,1
1708,2023-01-09,32942,3,1
1709,2023-01-16,32942,3,1
1710,2023-01-23,32942,3,1
1711,2023-01-30,33062,3,1
1713,2023-02-06,33782,3,1
1714,2023-02-13,33782,3,1
1715,2023-02-20,33782,3,1
1716,2023-02-27,28956,3,1
1718,2023-03-06,34670,3,1
1719,2023-03-13,35336,3,1
1720,2023-03-20,35336,3,1
1721,2023-03-27,35336,3,1
1723,2023-04-03,35220,3,1
1724,2023-04-10,34930,3,1
1725,2023-04-17,34930,3,1
1726,2023-04-24,34930,3,1
1728,2023-05-01,34930,3,1
1729,2023-05-08,35494,3,1
1730,2023-05-15,35588,3,1
1731,2023-05-22,35588,3,1
1732,2023-05-29,35588,3,1
1734,2023-06-05,36461,3,1
1735,2023-06-12,37625,3,1
1736,2023-06-19,37625,3,1
1737,2023-06-26,37625,3,1
1739,2023-07-03,37143,3,1
1740,2023-07-10,34251,3,1
1741,2023-07-17,34251,3,1
1742,2023-07-24,34251,3,1
1743,2023-07-31,34251,3,1
1745,2023-08-07,35251,3,1
1746,2023-08-14,36001,3,1
1747,2023-08-21,36001,3,1
1748,2023-08-28,36001,3,1
1750,2023-09-04,35349,3,1
1751,2023-09-11,33719,3,1
1752,2023-09-18,33719,3,1
1753,2023-09-25,38536,3,1
1755,2023-10-02,33719,3,1
1756,2023-10-09,0,3,1
1757,2023-10-16,0,3,1
1758,2023-10-23,0,3,1
1759,2023-10-30,0,3,1
1761,2023-11-06,0,3,1
1762,2023-11-13,0,3,1
1763,2023-11-20,0,3,1
1764,2023-11-27,0,3,1
1766,2023-11-06,0,3,1
1767,2023-11-13,0,3,1
1768,2023-11-20,0,3,1
1769,2023-11-27,0,3,1
1772,2019-06-03,0,2,4
1773,2019-06-10,0,2,4
1774,2019-06-17,0,2,4
1775,2019-06-24,0,2,4
1777,2019-07-01,0,2,4
1778,2019-07-08,0,2,4
1779,2019-07-15,0,2,4
1780,2019-07-22,0,2,4
1781,2019-07-29,0,2,4
1783,2019-08-05,0,2,4
1784,2019-08-12,0,2,4
1785,2019-08-19,0,2,4
1786,2019-08-26,0,2,4
1788,2019-09-02,0,2,4
1789,2019-09-09,0,2,4
1790,2019-09-16,0,2,4
1791,2019-09-23,0,2,4
1792,2019-09-30,0,2,4
1794,2019-09-30,0,2,4
1795,2019-10-07,0,2,4
1796,2019-10-14,0,2,4
1797,2019-10-21,0,2,4
1798,2019-10-28,0,2,4
1800,2019-11-04,0,2,4
1801,2019-11-11,0,2,4
1802,2019-11-18,0,2,4
1803,2019-11-25,0,2,4
1805,2019-12-02,0,2,4
1806,2019-12-09,0,2,4
1807,2019-12-16,0,2,4
1808,2019-12-23,0,2,4
1809,2019-12-30,0,2,4
1811,2020-01-06,0,2,4
1812,2020-01-13,0,2,4
1813,2020-01-20,0,2,4
1814,2020-01-27,0,2,4
1816,2020-02-03,0,2,4
1817,2020-02-10,0,2,4
1818,2020-02-17,0,2,4
1819,2020-02-24,0,2,4
1821,2020-03-02,0,2,4
1822,2020-03-09,0,2,4
1823,2020-03-16,0,2,4
1824,2020-03-23,0,2,4
1825,2020-03-30,0,2,4
1827,2020-04-06,0,2,4
1828,2020-04-13,0,2,4
1829,2020-04-20,0,2,4
1830,2020-04-27,0,2,4
1832,2020-05-04,0,2,4
1833,2020-05-11,0,2,4
1834,2020-05-18,0,2,4
1835,2020-05-25,0,2,4
1837,2020-06-01,0,2,4
1838,2020-06-08,0,2,4
1839,2020-06-15,0,2,4
1840,2020-06-22,0,2,4
1841,2020-06-29,0,2,4
1843,2020-07-06,0,2,4
1844,2020-07-13,0,2,4
1845,2020-07-20,0,2,4
1846,2020-07-27,0,2,4
1848,2020-08-03,0,2,4
1849,2020-08-10,0,2,4
1850,2020-08-17,0,2,4
1851,2020-08-24,0,2,4
1852,2020-08-31,0,2,4
1854,2020-09-07,0,2,4
1855,2020-09-14,0,2,4
1856,2020-09-21,0,2,4
1857,2020-09-28,0,2,4
1859,2020-10-05,0,2,4
1860,2020-10-12,0,2,4
1861,2020-10-19,0,2,4
1862,2020-10-26,0,2,4
1864,2020-11-02,0,2,4
1865,2020-11-09,0,2,4
1866,2020-11-16,0,2,4
1867,2020-11-23,0,2,4
1868,2020-11-30,0,2,4
1870,2020-12-07,0,2,4
1871,2020-12-14,0,2,4
1872,2020-12-21,0,2,4
1873,2020-12-28,0,2,4
1875,2021-01-04,0,2,4
1876,2021-01-11,0,2,4
1877,2021-01-18,0,2,4
1878,2021-01-25,0,2,4
1880,2021-02-01,0,2,4
1881,2021-02-08,0,2,4
1882,2021-02-15,0,2,4
1883,2021-02-22,0,2,4
1885,2021-03-08,0,2,4
1886,2021-03-15,0,2,4
1887,2021-03-22,0,2,4
1888,2021-03-29,0,2,4
1890,2021-04-05,0,2,4
1891,2021-04-12,0,2,4
1892,2021-04-19,0,2,4
1893,2021-04-26,0,2,4
1895,2021-05-03,0,2,4
1896,2021-05-10,0,2,4
1897,2021-05-17,0,2,4
1898,2021-05-24,0,2,4
1899,2021-05-31,0,2,4
1901,2021-06-07,0,2,4
1902,2021-06-14,0,2,4
1903,2021-06-21,0,2,4
1904,2021-06-28,0,2,4
1906,2021-07-05,0,2,4
1907,2021-07-12,0,2,4
1908,2021-07-19,0,2,4
1909,2021-07-26,340870,2,4
1911,2021-08-02,477218,2,4
1912,2021-08-09,477218,2,4
1913,2021-08-16,477218,2,4
1914,2021-08-23,482942,2,4
1915,2021-08-30,532775,2,4
1917,2021-09-06,589043,2,4
1918,2021-09-13,589043,2,4
1919,2021-09-20,589043,2,4
1920,2021-09-27,648476,2,4
1922,2021-10-04,555037,2,4
1923,2021-10-11,555037,2,4
1924,2021-10-18,555037,2,4
1925,2021-10-25,585722,2,4
1927,2021-11-01,597576,2,4
1928,2021-11-08,597408,2,4
1929,2021-11-15,597408,2,4
1930,2021-11-22,581254,2,4
1931,2021-11-29,539696,2,4
1933,2021-12-06,538132,2,4
1934,2021-12-13,538132,2,4
1935,2021-12-20,538132,2,4
1936,2021-12-27,549226,2,4
1938,2022-01-03,554386,2,4
1939,2022-01-10,554386,2,4
1940,2022-01-17,554386,2,4
1941,2022-01-24,573448,2,4
1942,2022-01-31,586541,2,4
1944,2022-02-07,593978,2,4
1945,2022-02-14,593978,2,4
1946,2022-02-21,605948,2,4
1947,2022-02-28,528549,2,4
1949,2022-03-07,611373,2,4
1950,2022-03-14,611373,2,4
1951,2022-03-21,611373,2,4
1952,2022-03-28,600544,2,4
1954,2022-04-04,601601,2,4
1955,2022-04-11,601601,2,4
1956,2022-04-18,601601,2,4
1957,2022-04-25,617501,2,4
1959,2022-05-02,622096,2,4
1960,2022-05-09,619164,2,4
1961,2022-05-16,619164,2,4
1962,2022-05-23,617136,2,4
1963,2022-05-30,611556,2,4
1965,2022-06-06,610281,2,4
1966,2022-06-13,610281,2,4
1967,2022-06-20,610281,2,4
1968,2022-06-27,620295,2,4
1970,2022-07-04,625149,2,4
1971,2022-07-11,625149,2,4
1972,2022-07-18,625149,2,4
1973,2022-07-25,630360,2,4
1975,2022-08-01,637980,2,4
1976,2022-08-08,638484,2,4
1977,2022-08-15,638484,2,4
1978,2022-08-22,637002,2,4
1979,2022-08-29,628735,2,4
1981,2022-09-05,632485,2,4
1982,2022-09-12,632485,2,4
1983,2022-09-19,632485,2,4
1984,2022-09-26,722695,2,4
1986,2022-10-03,625912,2,4
1987,2022-10-10,625912,2,4
1988,2022-10-17,625912,2,4
1989,2022-10-24,645514,2,4
1990,2022-10-31,675058,2,4
1992,2022-11-07,679602,2,4
1993,2022-11-14,679602,2,4
1994,2022-11-21,679602,2,4
1995,2022-11-28,569247,2,4
1997,2022-12-05,562401,2,4
1998,2022-12-12,562401,2,4
1999,2022-12-19,562401,2,4
2000,2022-12-26,570165,2,4
2002,2023-01-02,580353,2,4
2003,2023-01-09,582099,2,4
2004,2023-01-16,582099,2,4
2005,2023-01-23,595443,2,4
2006,2023-01-30,610659,2,4
2008,2023-02-06,623679,2,4
2009,2023-02-13,623679,2,4
2010,2023-02-20,625358,2,4
2011,2023-02-27,543075,2,4
2013,2023-03-06,624365,2,4
2014,2023-03-13,624365,2,4
2015,2023-03-20,624365,2,4
2016,2023-03-27,638077,2,4
2018,2023-04-03,646896,2,4
2019,2023-04-10,646310,2,4
2020,2023-04-17,646310,2,4
2021,2023-04-24,644386,2,4
2023,2023-05-01,638232,2,4
2024,2023-05-08,634872,2,4
2025,2023-05-15,634872,2,4
2026,2023-05-22,634872,2,4
2027,2023-05-29,644052,2,4
2029,2023-06-05,638043,2,4
2030,2023-06-12,638043,2,4
2031,2023-06-19,638043,2,4
2032,2023-06-26,651408,2,4
2034,2023-07-03,672716,2,4
2035,2023-07-10,675332,2,4
2036,2023-07-17,675332,2,4
2037,2023-07-24,667854,2,4
2038,2023-07-31,623590,2,4
2040,2023-08-07,627214,2,4
2041,2023-08-14,627214,2,4
2042,2023-08-21,627214,2,4
2043,2023-08-28,642654,2,4
2045,2023-09-04,649152,2,4
2046,2023-09-11,648305,2,4
2047,2023-09-18,648305,2,4
2048,2023-09-25,725260,2,4
2050,2023-10-02,611576,2,4
2051,2023-10-09,611324,2,4
2052,2023-10-16,611324,2,4
2053,2023-10-23,611324,2,4
2054,2023-10-30,86847,2,4
2056,2023-11-06,88641,2,4
2057,2023-11-13,88641,2,4
2058,2023-11-20,88641,2,4
2059,2023-11-27,113967,2,4
2061,2023-11-06,0,2,4
2062,2023-11-13,0,2,4
2063,2023-11-20,0,2,4
2064,2023-11-27,0,2,4
2067,2019-06-03,0,1,13
2068,2019-06-10,0,1,13
2069,2019-06-17,0,1,13
2070,2019-06-24,0,1,13
2072,2019-07-01,0,1,13
2073,2019-07-08,0,1,13
2074,2019-07-15,0,1,13
2075,2019-07-22,0,1,13
2076,2019-07-29,0,1,13
2078,2019-08-05,0,1,13
2079,2019-08-12,0,1,13
2080,2019-08-19,0,1,13
2081,2019-08-26,0,1,13
2083,2019-09-02,0,1,13
2084,2019-09-09,0,1,13
2085,2019-09-16,0,1,13
2086,2019-09-23,0,1,13
2087,2019-09-30,0,1,13
2089,2019-09-30,0,1,13
2090,2019-10-07,0,1,13
2091,2019-10-14,0,1,13
2092,2019-10-21,0,1,13
2093,2019-10-28,0,1,13
2095,2019-11-04,0,1,13
2096,2019-11-11,0,1,13
2097,2019-11-18,0,1,13
2098,2019-11-25,0,1,13
2100,2019-12-02,0,1,13
2101,2019-12-09,0,1,13
2102,2019-12-16,0,1,13
2103,2019-12-23,0,1,13
2104,2019-12-30,0,1,13
2106,2020-01-06,0,1,13
2107,2020-01-13,0,1,13
2108,2020-01-20,0,1,13
2109,2020-01-27,0,1,13
2111,2020-02-03,0,1,13
2112,2020-02-10,0,1,13
2113,2020-02-17,0,1,13
2114,2020-02-24,0,1,13
2116,2020-03-02,0,1,13
2117,2020-03-09,0,1,13
2118,2020-03-16,0,1,13
2119,2020-03-23,0,1,13
2120,2020-03-30,0,1,13
2122,2020-04-06,0,1,13
2123,2020-04-13,0,1,13
2124,2020-04-20,0,1,13
2125,2020-04-27,0,1,13
2127,2020-05-04,0,1,13
2128,2020-05-11,0,1,13
2129,2020-05-18,0,1,13
2130,2020-05-25,0,1,13
2132,2020-06-01,0,1,13
2133,2020-06-08,0,1,13
2134,2020-06-15,0,1,13
2135,2020-06-22,0,1,13
2136,2020-06-29,0,1,13
2138,2020-07-06,0,1,13
2139,2020-07-13,0,1,13
2140,2020-07-20,0,1,13
2141,2020-07-27,0,1,13
2143,2020-08-03,0,1,13
2144,2020-08-10,0,1,13
2145,2020-08-17,0,1,13
2146,2020-08-24,0,1,13
2147,2020-08-31,0,1,13
2149,2020-09-07,0,1,13
2150,2020-09-14,0,1,13
2151,2020-09-21,0,1,13
2152,2020-09-28,0,1,13
2154,2020-10-05,0,1,13
2155,2020-10-12,0,1,13
2156,2020-10-19,0,1,13
2157,2020-10-26,0,1,13
2159,2020-11-02,0,1,13
2160,2020-11-09,0,1,13
2161,2020-11-16,0,1,13
2162,2020-11-23,0,1,13
2163,2020-11-30,0,1,13
2165,2020-12-07,0,1,13
2166,2020-12-14,0,1,13
2167,2020-12-21,0,1,13
2168,2020-12-28,0,1,13
2170,2021-01-04,0,1,13
2171,2021-01-11,0,1,13
2172,2021-01-18,0,1,13
2173,2021-01-25,0,1,13
2175,2021-02-01,0,1,13
2176,2021-02-08,0,1,13
2177,2021-02-15,0,1,13
2178,2021-02-22,0,1,13
2180,2021-03-08,0,1,13
2181,2021-03-15,0,1,13
2182,2021-03-22,0,1,13
2183,2021-03-29,0,1,13
2185,2021-04-05,0,1,13
2186,2021-04-12,0,1,13
2187,2021-04-19,0,1,13
2188,2021-04-26,0,1,13
2190,2021-05-03,0,1,13
2191,2021-05-10,0,1,13
2192,2021-05-17,0,1,13
2193,2021-05-24,0,1,13
2194,2021-05-31,0,1,13
2196,2021-06-07,0,1,13
2197,2021-06-14,0,1,13
2198,2021-06-21,0,1,13
2199,2021-06-28,0,1,13
2201,2021-07-05,0,1,13
2202,2021-07-12,0,1,13
2203,2021-07-19,0,1,13
2204,2021-07-26,0,1,13
2206,2021-08-02,0,1,13
2207,2021-08-09,0,1,13
2208,2021-08-16,0,1,13
2209,2021-08-23,0,1,13
2210,2021-08-30,0,1,13
2212,2021-09-06,0,1,13
2213,2021-09-13,0,1,13
2214,2021-09-20,0,1,13
2215,2021-09-27,0,1,13
2217,2021-10-04,0,1,13
2218,2021-10-11,0,1,13
2219,2021-10-18,0,1,13
2220,2021-10-25,0,1,13
2222,2021-11-01,0,1,13
2223,2021-11-08,0,1,13
2224,2021-11-15,0,1,13
2225,2021-11-22,0,1,13
2226,2021-11-29,0,1,13
2228,2021-12-06,0,1,13
2229,2021-12-13,0,1,13
2230,2021-12-20,0,1,13
2231,2021-12-27,0,1,13
2233,2022-01-03,0,1,13
2234,2022-01-10,0,1,13
2235,2022-01-17,0,1,13
2236,2022-01-24,0,1,13
2237,2022-01-31,0,1,13
2239,2022-02-07,0,1,13
2240,2022-02-14,0,1,13
2241,2022-02-21,0,1,13
2242,2022-02-28,0,1,13
2244,2022-03-07,0,1,13
2245,2022-03-14,0,1,13
2246,2022-03-21,0,1,13
2247,2022-03-28,0,1,13
2249,2022-04-04,0,1,13
2250,2022-04-11,0,1,13
2251,2022-04-18,0,1,13
2252,2022-04-25,0,1,13
2254,2022-05-02,0,1,13
2255,2022-05-09,0,1,13
2256,2022-05-16,0,1,13
2257,2022-05-23,0,1,13
2258,2022-05-30,0,1,13
2260,2022-06-06,0,1,13
2261,2022-06-13,0,1,13
2262,2022-06-20,0,1,13
2263,2022-06-27,0,1,13
2265,2022-07-04,0,1,13
2266,2022-07-11,0,1,13
2267,2022-07-18,0,1,13
2268,2022-07-25,0,1,13
2270,2022-08-01,0,1,13
2271,2022-08-08,0,1,13
2272,2022-08-15,0,1,13
2273,2022-08-22,0,1,13
2274,2022-08-29,0,1,13
2276,2022-09-05,0,1,13
2277,2022-09-12,0,1,13
2278,2022-09-19,0,1,13
2279,2022-09-26,0,1,13
2281,2022-10-03,0,1,13
2282,2022-10-10,0,1,13
2283,2022-10-17,0,1,13
2284,2022-10-24,0,1,13
2285,2022-10-31,0,1,13
2287,2022-11-07,0,1,13
2288,2022-11-14,0,1,13
2289,2022-11-21,0,1,13
2290,2022-11-28,0,1,13
2292,2022-12-05,0,1,13
2293,2022-12-12,0,1,13
2294,2022-12-19,0,1,13
2295,2022-12-26,0,1,13
2297,2023-01-02,0,1,13
2298,2023-01-09,0,1,13
2299,2023-01-16,0,1,13
2300,2023-01-23,0,1,13
2301,2023-01-30,0,1,13
2303,2023-02-06,0,1,13
2304,2023-02-13,0,1,13
2305,2023-02-20,0,1,13
2306,2023-02-27,0,1,13
2308,2023-03-06,0,1,13
2309,2023-03-13,0,1,13
2310,2023-03-20,0,1,13
2311,2023-03-27,0,1,13
2313,2023-04-03,0,1,13
2314,2023-04-10,0,1,13
2315,2023-04-17,0,1,13
2316,2023-04-24,0,1,13
2318,2023-05-01,0,1,13
2319,2023-05-08,0,1,13
2320,2023-05-15,0,1,13
2321,2023-05-22,0,1,13
2322,2023-05-29,0,1,13
2324,2023-06-05,0,1,13
2325,2023-06-12,0,1,13
2326,2023-06-19,0,1,13
2327,2023-06-26,0,1,13
2329,2023-07-03,0,1,13
2330,2023-07-10,0,1,13
2331,2023-07-17,0,1,13
2332,2023-07-24,0,1,13
2333,2023-07-31,0,1,13
2335,2023-08-07,0,1,13
2336,2023-08-14,0,1,13
2337,2023-08-21,0,1,13
2338,2023-08-28,0,1,13
2340,2023-09-04,0,1,13
2341,2023-09-11,0,1,13
2342,2023-09-18,0,1,13
2343,2023-09-25,0,1,13
2345,2023-10-02,0,1,13
2346,2023-10-09,0,1,13
2347,2023-10-16,0,1,13
2348,2023-10-23,0,1,13
2349,2023-10-30,0,1,13
2351,2023-11-06,0,1,13
2352,2023-11-13,0,1,13
2353,2023-11-20,0,1,13
2354,2023-11-27,0,1,13
2356,2023-11-06,0,1,13
2357,2023-11-13,0,1,13
2358,2023-11-20,0,1,13
2359,2023-11-27,0,1,13
2362,2019-06-03,0,4,14
2363,2019-06-10,0,4,14
2364,2019-06-17,0,4,14
2365,2019-06-24,0,4,14
2367,2019-07-01,0,4,14
2368,2019-07-08,0,4,14
2369,2019-07-15,0,4,14
2370,2019-07-22,0,4,14
2371,2019-07-29,0,4,14
2373,2019-08-05,0,4,14
2374,2019-08-12,0,4,14
2375,2019-08-19,0,4,14
2376,2019-08-26,0,4,14
2378,2019-09-02,0,4,14
2379,2019-09-09,0,4,14
2380,2019-09-16,0,4,14
2381,2019-09-23,0,4,14
2382,2019-09-30,0,4,14
2384,2019-09-30,0,4,14
2385,2019-10-07,0,4,14
2386,2019-10-14,0,4,14
2387,2019-10-21,0,4,14
2388,2019-10-28,0,4,14
2390,2019-11-04,0,4,14
2391,2019-11-11,0,4,14
2392,2019-11-18,0,4,14
2393,2019-11-25,0,4,14
2395,2019-12-02,0,4,14
2396,2019-12-09,0,4,14
2397,2019-12-16,0,4,14
2398,2019-12-23,0,4,14
2399,2019-12-30,0,4,14
2401,2020-01-06,0,4,14
2402,2020-01-13,0,4,14
2403,2020-01-20,0,4,14
2404,2020-01-27,0,4,14
2406,2020-02-03,0,4,14
2407,2020-02-10,0,4,14
2408,2020-02-17,0,4,14
2409,2020-02-24,0,4,14
2411,2020-03-02,0,4,14
2412,2020-03-09,0,4,14
2413,2020-03-16,0,4,14
2414,2020-03-23,0,4,14
2415,2020-03-30,0,4,14
2417,2020-04-06,0,4,14
2418,2020-04-13,0,4,14
2419,2020-04-20,0,4,14
2420,2020-04-27,0,4,14
2422,2020-05-04,0,4,14
2423,2020-05-11,0,4,14
2424,2020-05-18,0,4,14
2425,2020-05-25,0,4,14
2427,2020-06-01,0,4,14
2428,2020-06-08,0,4,14
2429,2020-06-15,0,4,14
2430,2020-06-22,0,4,14
2431,2020-06-29,0,4,14
2433,2020-07-06,0,4,14
2434,2020-07-13,0,4,14
2435,2020-07-20,0,4,14
2436,2020-07-27,0,4,14
2438,2020-08-03,0,4,14
2439,2020-08-10,0,4,14
2440,2020-08-17,0,4,14
2441,2020-08-24,0,4,14
2442,2020-08-31,0,4,14
2444,2020-09-07,0,4,14
2445,2020-09-14,0,4,14
2446,2020-09-21,0,4,14
2447,2020-09-28,0,4,14
2449,2020-10-05,0,4,14
2450,2020-10-12,0,4,14
2451,2020-10-19,0,4,14
2452,2020-10-26,0,4,14
2454,2020-11-02,0,4,14
2455,2020-11-09,0,4,14
2456,2020-11-16,0,4,14
2457,2020-11-23,0,4,14
2458,2020-11-30,0,4,14
2460,2020-12-07,0,4,14
2461,2020-12-14,0,4,14
2462,2020-12-21,0,4,14
2463,2020-12-28,0,4,14
2465,2021-01-04,0,4,14
2466,2021-01-11,0,4,14
2467,2021-01-18,0,4,14
2468,2021-01-25,0,4,14
2470,2021-02-01,0,4,14
2471,2021-02-08,0,4,14
2472,2021-02-15,0,4,14
2473,2021-02-22,0,4,14
2475,2021-03-08,0,4,14
2476,2021-03-15,0,4,14
2477,2021-03-22,0,4,14
2478,2021-03-29,0,4,14
2480,2021-04-05,0,4,14
2481,2021-04-12,0,4,14
2482,2021-04-19,0,4,14
2483,2021-04-26,0,4,14
2485,2021-05-03,0,4,14
2486,2021-05-10,0,4,14
2487,2021-05-17,0,4,14
2488,2021-05-24,0,4,14
2489,2021-05-31,0,4,14
2491,2021-06-07,0,4,14
2492,2021-06-14,0,4,14
2493,2021-06-21,0,4,14
2494,2021-06-28,0,4,14
2496,2021-07-05,0,4,14
2497,2021-07-12,0,4,14
2498,2021-07-19,0,4,14
2499,2021-07-26,0,4,14
2501,2021-08-02,0,4,14
2502,2021-08-09,0,4,14
2503,2021-08-16,0,4,14
2504,2021-08-23,0,4,14
2505,2021-08-30,0,4,14
2507,2021-09-06,0,4,14
2508,2021-09-13,0,4,14
2509,2021-09-20,0,4,14
2510,2021-09-27,0,4,14
2512,2021-10-04,0,4,14
2513,2021-10-11,0,4,14
2514,2021-10-18,0,4,14
2515,2021-10-25,0,4,14
2517,2021-11-01,0,4,14
2518,2021-11-08,0,4,14
2519,2021-11-15,0,4,14
2520,2021-11-22,0,4,14
2521,2021-11-29,0,4,14
2523,2021-12-06,0,4,14
2524,2021-12-13,0,4,14
2525,2021-12-20,0,4,14
2526,2021-12-27,0,4,14
2528,2022-01-03,0,4,14
2529,2022-01-10,0,4,14
2530,2022-01-17,0,4,14
2531,2022-01-24,0,4,14
2532,2022-01-31,0,4,14
2534,2022-02-07,0,4,14
2535,2022-02-14,0,4,14
2536,2022-02-21,0,4,14
2537,2022-02-28,0,4,14
2539,2022-03-07,0,4,14
2540,2022-03-14,0,4,14
2541,2022-03-21,0,4,14
2542,2022-03-28,0,4,14
2544,2022-04-04,0,4,14
2545,2022-04-11,0,4,14
2546,2022-04-18,0,4,14
2547,2022-04-25,0,4,14
2549,2022-05-02,0,4,14
2550,2022-05-09,0,4,14
2551,2022-05-16,0,4,14
2552,2022-05-23,0,4,14
2553,2022-05-30,0,4,14
2555,2022-06-06,0,4,14
2556,2022-06-13,0,4,14
2557,2022-06-20,0,4,14
2558,2022-06-27,0,4,14
2560,2022-07-04,0,4,14
2561,2022-07-11,0,4,14
2562,2022-07-18,0,4,14
2563,2022-07-25,0,4,14
2565,2022-08-01,0,4,14
2566,2022-08-08,0,4,14
2567,2022-08-15,0,4,14
2568,2022-08-22,0,4,14
2569,2022-08-29,0,4,14
2571,2022-09-05,0,4,14
2572,2022-09-12,0,4,14
2573,2022-09-19,0,4,14
2574,2022-09-26,0,4,14
2576,2022-10-03,0,4,14
2577,2022-10-10,0,4,14
2578,2022-10-17,0,4,14
2579,2022-10-24,0,4,14
2580,2022-10-31,0,4,14
2582,2022-11-07,0,4,14
2583,2022-11-14,0,4,14
2584,2022-11-21,0,4,14
2585,2022-11-28,0,4,14
2587,2022-12-05,0,4,14
2588,2022-12-12,0,4,14
2589,2022-12-19,0,4,14
2590,2022-12-26,0,4,14
2592,2023-01-02,0,4,14
2593,2023-01-09,0,4,14
2594,2023-01-16,0,4,14
2595,2023-01-23,0,4,14
2596,2023-01-30,0,4,14
2598,2023-02-06,0,4,14
2599,2023-02-13,0,4,14
2600,2023-02-20,0,4,14
2601,2023-02-27,0,4,14
2603,2023-03-06,0,4,14
2604,2023-03-13,0,4,14
2605,2023-03-20,0,4,14
2606,2023-03-27,0,4,14
2608,2023-04-03,0,4,14
2609,2023-04-10,0,4,14
2610,2023-04-17,0,4,14
2611,2023-04-24,0,4,14
2613,2023-05-01,0,4,14
2614,2023-05-08,0,4,14
2615,2023-05-15,0,4,14
2616,2023-05-22,0,4,14
2617,2023-05-29,0,4,14
2619,2023-06-05,0,4,14
2620,2023-06-12,0,4,14
2621,2023-06-19,0,4,14
2622,2023-06-26,0,4,14
2624,2023-07-03,0,4,14
2625,2023-07-10,0,4,14
2626,2023-07-17,0,4,14
2627,2023-07-24,0,4,14
2628,2023-07-31,0,4,14
2630,2023-08-07,0,4,14
2631,2023-08-14,0,4,14
2632,2023-08-21,0,4,14
2633,2023-08-28,0,4,14
2635,2023-09-04,0,4,14
2636,2023-09-11,0,4,14
2637,2023-09-18,0,4,14
2638,2023-09-25,0,4,14
2640,2023-10-02,0,4,14
2641,2023-10-09,0,4,14
2642,2023-10-16,0,4,14
2643,2023-10-23,0,4,14
2644,2023-10-30,0,4,14
2646,2023-11-06,0,4,14
2647,2023-11-13,0,4,14
2648,2023-11-20,0,4,14
2649,2023-11-27,0,4,14
2651,2023-11-06,0,4,14
2652,2023-11-13,0,4,14
2653,2023-11-20,0,4,14
2654,2023-11-27,0,4,14
2657,2019-06-03,0,3,3
2658,2019-06-10,0,3,3
2659,2019-06-17,0,3,3
2660,2019-06-24,0,3,3
2662,2019-07-01,0,3,3
2663,2019-07-08,0,3,3
2664,2019-07-15,0,3,3
2665,2019-07-22,0,3,3
2666,2019-07-29,0,3,3
2668,2019-08-05,0,3,3
2669,2019-08-12,0,3,3
2670,2019-08-19,0,3,3
2671,2019-08-26,0,3,3
2673,2019-09-02,0,3,3
2674,2019-09-09,0,3,3
2675,2019-09-16,0,3,3
2676,2019-09-23,0,3,3
2677,2019-09-30,0,3,3
2679,2019-09-30,0,3,3
2680,2019-10-07,0,3,3
2681,2019-10-14,0,3,3
2682,2019-10-21,0,3,3
2683,2019-10-28,0,3,3
2685,2019-11-04,0,3,3
2686,2019-11-11,0,3,3
2687,2019-11-18,0,3,3
2688,2019-11-25,0,3,3
2690,2019-12-02,0,3,3
2691,2019-12-09,0,3,3
2692,2019-12-16,0,3,3
2693,2019-12-23,0,3,3
2694,2019-12-30,0,3,3
2696,2020-01-06,0,3,3
2697,2020-01-13,0,3,3
2698,2020-01-20,0,3,3
2699,2020-01-27,0,3,3
2701,2020-02-03,0,3,3
2702,2020-02-10,0,3,3
2703,2020-02-17,0,3,3
2704,2020-02-24,0,3,3
2706,2020-03-02,0,3,3
2707,2020-03-09,0,3,3
2708,2020-03-16,0,3,3
2709,2020-03-23,0,3,3
2710,2020-03-30,0,3,3
2712,2020-04-06,0,3,3
2713,2020-04-13,0,3,3
2714,2020-04-20,0,3,3
2715,2020-04-27,0,3,3
2717,2020-05-04,0,3,3
2718,2020-05-11,0,3,3
2719,2020-05-18,0,3,3
2720,2020-05-25,0,3,3
2722,2020-06-01,0,3,3
2723,2020-06-08,0,3,3
2724,2020-06-15,0,3,3
2725,2020-06-22,0,3,3
2726,2020-06-29,0,3,3
2728,2020-07-06,0,3,3
2729,2020-07-13,0,3,3
2730,2020-07-20,0,3,3
2731,2020-07-27,0,3,3
2733,2020-08-03,0,3,3
2734,2020-08-10,0,3,3
2735,2020-08-17,0,3,3
2736,2020-08-24,0,3,3
2737,2020-08-31,0,3,3
2739,2020-09-07,0,3,3
2740,2020-09-14,0,3,3
2741,2020-09-21,0,3,3
2742,2020-09-28,0,3,3
2744,2020-10-05,0,3,3
2745,2020-10-12,0,3,3
2746,2020-10-19,0,3,3
2747,2020-10-26,0,3,3
2749,2020-11-02,0,3,3
2750,2020-11-09,0,3,3
2751,2020-11-16,0,3,3
2752,2020-11-23,0,3,3
2753,2020-11-30,0,3,3
2755,2020-12-07,0,3,3
2756,2020-12-14,0,3,3
2757,2020-12-21,0,3,3
2758,2020-12-28,0,3,3
2760,2021-01-04,0,3,3
2761,2021-01-11,0,3,3
2762,2021-01-18,0,3,3
2763,2021-01-25,0,3,3
2765,2021-02-01,0,3,3
2766,2021-02-08,0,3,3
2767,2021-02-15,0,3,3
2768,2021-02-22,0,3,3
2770,2021-03-08,0,3,3
2771,2021-03-15,0,3,3
2772,2021-03-22,0,3,3
2773,2021-03-29,0,3,3
2775,2021-04-05,0,3,3
2776,2021-04-12,0,3,3
2777,2021-04-19,0,3,3
2778,2021-04-26,0,3,3
2780,2021-05-03,0,3,3
2781,2021-05-10,0,3,3
2782,2021-05-17,0,3,3
2783,2021-05-24,0,3,3
2784,2021-05-31,0,3,3
2786,2021-06-07,0,3,3
2787,2021-06-14,0,3,3
2788,2021-06-21,0,3,3
2789,2021-06-28,0,3,3
2791,2021-07-05,0,3,3
2792,2021-07-12,0,3,3
2793,2021-07-19,0,3,3
2794,2021-07-26,30015,3,3
2796,2021-08-02,42021,3,3
2797,2021-08-09,42021,3,3
2798,2021-08-16,42021,3,3
2799,2021-08-23,42528,3,3
2800,2021-08-30,43204,3,3
2802,2021-09-06,43204,3,3
2803,2021-09-13,43204,3,3
2804,2021-09-20,43204,3,3
2805,2021-09-27,47374,3,3
2807,2021-10-04,41202,3,3
2808,2021-10-11,41202,3,3
2809,2021-10-18,41202,3,3
2810,2021-10-25,44062,3,3
2812,2021-11-01,45206,3,3
2813,2021-11-08,45206,3,3
2814,2021-11-15,45206,3,3
2815,2021-11-22,39216,3,3
2816,2021-11-29,24241,3,3
2818,2021-12-06,24241,3,3
2819,2021-12-13,24241,3,3
2820,2021-12-20,24241,3,3
2821,2021-12-27,24751,3,3
2823,2022-01-03,24836,3,3
2824,2022-01-10,24836,3,3
2825,2022-01-17,24836,3,3
2826,2022-01-24,25916,3,3
2827,2022-01-31,26096,3,3
2829,2022-02-07,26096,3,3
2830,2022-02-14,26096,3,3
2831,2022-02-21,26765,3,3
2832,2022-02-28,23706,3,3
2834,2022-03-07,27657,3,3
2835,2022-03-14,27657,3,3
2836,2022-03-21,27657,3,3
2837,2022-03-28,27097,3,3
2839,2022-04-04,27097,3,3
2840,2022-04-11,27097,3,3
2841,2022-04-18,27097,3,3
2842,2022-04-25,27957,3,3
2844,2022-05-02,28602,3,3
2845,2022-05-09,28602,3,3
2846,2022-05-16,28602,3,3
2847,2022-05-23,28486,3,3
2848,2022-05-30,28196,3,3
2850,2022-06-06,28196,3,3
2851,2022-06-13,28196,3,3
2852,2022-06-20,28196,3,3
2853,2022-06-27,28754,3,3
2855,2022-07-04,28847,3,3
2856,2022-07-11,28847,3,3
2857,2022-07-18,28847,3,3
2858,2022-07-25,29123,3,3
2860,2022-08-01,29491,3,3
2861,2022-08-08,29491,3,3
2862,2022-08-15,29491,3,3
2863,2022-08-22,29413,3,3
2864,2022-08-29,28945,3,3
2866,2022-09-05,28945,3,3
2867,2022-09-12,28945,3,3
2868,2022-09-19,28945,3,3
2869,2022-09-26,33115,3,3
2871,2022-10-03,28994,3,3
2872,2022-10-10,28994,3,3
2873,2022-10-17,28994,3,3
2874,2022-10-24,30041,3,3
2875,2022-10-31,31437,3,3
2877,2022-11-07,31437,3,3
2878,2022-11-14,31437,3,3
2879,2022-11-21,31437,3,3
2880,2022-11-28,25445,3,3
2882,2022-12-05,25445,3,3
2883,2022-12-12,25445,3,3
2884,2022-12-19,25445,3,3
2885,2022-12-26,25805,3,3
2887,2023-01-02,26075,3,3
2888,2023-01-09,26075,3,3
2889,2023-01-16,26075,3,3
2890,2023-01-23,26835,3,3
2891,2023-01-30,27405,3,3
2893,2023-02-06,27405,3,3
2894,2023-02-13,27405,3,3
2895,2023-02-20,27505,3,3
2896,2023-02-27,24090,3,3
2898,2023-03-06,28105,3,3
2899,2023-03-13,28105,3,3
2900,2023-03-20,28105,3,3
2901,2023-03-27,28845,3,3
2903,2023-04-03,29400,3,3
2904,2023-04-10,29400,3,3
2905,2023-04-17,29400,3,3
2906,2023-04-24,29304,3,3
2908,2023-05-01,29064,3,3
2909,2023-05-08,29064,3,3
2910,2023-05-15,29064,3,3
2911,2023-05-22,29064,3,3
2912,2023-05-29,29532,3,3
2914,2023-06-05,29610,3,3
2915,2023-06-12,29610,3,3
2916,2023-06-19,29610,3,3
2917,2023-06-26,30336,3,3
2919,2023-07-03,31304,3,3
2920,2023-07-10,31304,3,3
2921,2023-07-17,31304,3,3
2922,2023-07-24,30903,3,3
2923,2023-07-31,28497,3,3
2925,2023-08-07,28497,3,3
2926,2023-08-14,28497,3,3
2927,2023-08-21,28497,3,3
2928,2023-08-28,29329,3,3
2930,2023-09-04,29953,3,3
2931,2023-09-11,29953,3,3
2932,2023-09-18,29953,3,3
2933,2023-09-25,33419,3,3
2935,2023-10-02,28056,3,3
2936,2023-10-09,28056,3,3
2937,2023-10-16,28056,3,3
2938,2023-10-23,28056,3,3
2939,2023-10-30,0,3,3
2941,2023-11-06,0,3,3
2942,2023-11-13,0,3,3
2943,2023-11-20,0,3,3
2944,2023-11-27,0,3,3
2946,2023-11-06,0,3,3
2947,2023-11-13,0,3,3
2948,2023-11-20,0,3,3
2949,2023-11-27,0,3,3
2952,2019-06-03,0,1,12
2953,2019-06-10,0,1,12
2954,2019-06-17,0,1,12
2955,2019-06-24,0,1,12
2957,2019-07-01,0,1,12
2958,2019-07-08,0,1,12
2959,2019-07-15,0,1,12
2960,2019-07-22,0,1,12
2961,2019-07-29,0,1,12
2963,2019-08-05,0,1,12
2964,2019-08-12,0,1,12
2965,2019-08-19,0,1,12
2966,2019-08-26,0,1,12
2968,2019-09-02,0,1,12
2969,2019-09-09,0,1,12
2970,2019-09-16,0,1,12
2971,2019-09-23,0,1,12
2972,2019-09-30,0,1,12
2974,2019-09-30,0,1,12
2975,2019-10-07,0,1,12
2976,2019-10-14,0,1,12
2977,2019-10-21,0,1,12
2978,2019-10-28,0,1,12
2980,2019-11-04,0,1,12
2981,2019-11-11,0,1,12
2982,2019-11-18,0,1,12
2983,2019-11-25,0,1,12
2985,2019-12-02,0,1,12
2986,2019-12-09,0,1,12
2987,2019-12-16,0,1,12
2988,2019-12-23,0,1,12
2989,2019-12-30,0,1,12
2991,2020-01-06,0,1,12
2992,2020-01-13,0,1,12
2993,2020-01-20,0,1,12
2994,2020-01-27,0,1,12
2996,2020-02-03,0,1,12
2997,2020-02-10,0,1,12
2998,2020-02-17,0,1,12
2999,2020-02-24,0,1,12
3001,2020-03-02,0,1,12
3002,2020-03-09,0,1,12
3003,2020-03-16,0,1,12
3004,2020-03-23,0,1,12
3005,2020-03-30,0,1,12
3007,2020-04-06,0,1,12
3008,2020-04-13,0,1,12
3009,2020-04-20,0,1,12
3010,2020-04-27,0,1,12
3012,2020-05-04,0,1,12
3013,2020-05-11,0,1,12
3014,2020-05-18,0,1,12
3015,2020-05-25,0,1,12
3017,2020-06-01,0,1,12
3018,2020-06-08,0,1,12
3019,2020-06-15,0,1,12
3020,2020-06-22,0,1,12
3021,2020-06-29,0,1,12
3023,2020-07-06,0,1,12
3024,2020-07-13,0,1,12
3025,2020-07-20,0,1,12
3026,2020-07-27,0,1,12
3028,2020-08-03,0,1,12
3029,2020-08-10,0,1,12
3030,2020-08-17,0,1,12
3031,2020-08-24,0,1,12
3032,2020-08-31,0,1,12
3034,2020-09-07,0,1,12
3035,2020-09-14,0,1,12
3036,2020-09-21,0,1,12
3037,2020-09-28,0,1,12
3039,2020-10-05,0,1,12
3040,2020-10-12,0,1,12
3041,2020-10-19,0,1,12
3042,2020-10-26,0,1,12
3044,2020-11-02,0,1,12
3045,2020-11-09,0,1,12
3046,2020-11-16,0,1,12
3047,2020-11-23,0,1,12
3048,2020-11-30,0,1,12
3050,2020-12-07,0,1,12
3051,2020-12-14,0,1,12
3052,2020-12-21,0,1,12
3053,2020-12-28,0,1,12
3055,2021-01-04,0,1,12
3056,2021-01-11,0,1,12
3057,2021-01-18,0,1,12
3058,2021-01-25,0,1,12
3060,2021-02-01,0,1,12
3061,2021-02-08,0,1,12
3062,2021-02-15,0,1,12
3063,2021-02-22,0,1,12
3065,2021-03-08,0,1,12
3066,2021-03-15,0,1,12
3067,2021-03-22,0,1,12
3068,2021-03-29,0,1,12
3070,2021-04-05,0,1,12
3071,2021-04-12,0,1,12
3072,2021-04-19,0,1,12
3073,2021-04-26,0,1,12
3075,2021-05-03,0,1,12
3076,2021-05-10,0,1,12
3077,2021-05-17,0,1,12
3078,2021-05-24,0,1,12
3079,2021-05-31,0,1,12
3081,2021-06-07,0,1,12
3082,2021-06-14,0,1,12
3083,2021-06-21,0,1,12
3084,2021-06-28,0,1,12
3086,2021-07-05,0,1,12
3087,2021-07-12,0,1,12
3088,2021-07-19,0,1,12
3089,2021-07-26,0,1,12
3091,2021-08-02,0,1,12
3092,2021-08-09,0,1,12
3093,2021-08-16,0,1,12
3094,2021-08-23,0,1,12
3095,2021-08-30,0,1,12
3097,2021-09-06,0,1,12
3098,2021-09-13,0,1,12
3099,2021-09-20,0,1,12
3100,2021-09-27,0,1,12
3102,2021-10-04,0,1,12
3103,2021-10-11,0,1,12
3104,2021-10-18,0,1,12
3105,2021-10-25,0,1,12
3107,2021-11-01,0,1,12
3108,2021-11-08,0,1,12
3109,2021-11-15,0,1,12
3110,2021-11-22,0,1,12
3111,2021-11-29,0,1,12
3113,2021-12-06,0,1,12
3114,2021-12-13,0,1,12
3115,2021-12-20,0,1,12
3116,2021-12-27,0,1,12
3118,2022-01-03,23268,1,12
3119,2022-01-10,23268,1,12
3120,2022-01-17,23268,1,12
3121,2022-01-24,23268,1,12
3122,2022-01-31,23596,1,12
3124,2022-02-07,23842,1,12
3125,2022-02-14,23842,1,12
3126,2022-02-21,23842,1,12
3127,2022-02-28,20955,1,12
3129,2022-03-07,25053,1,12
3130,2022-03-14,25053,1,12
3131,2022-03-21,25053,1,12
3132,2022-03-28,25053,1,12
3134,2022-04-04,26551,1,12
3135,2022-04-11,26551,1,12
3136,2022-04-18,26551,1,12
3137,2022-04-25,26551,1,12
3139,2022-05-02,26166,1,12
3140,2022-05-09,26012,1,12
3141,2022-05-16,26012,1,12
3142,2022-05-23,26012,1,12
3143,2022-05-30,26426,1,12
3145,2022-06-06,27461,1,12
3146,2022-06-13,27461,1,12
3147,2022-06-20,27461,1,12
3148,2022-06-27,27461,1,12
3150,2022-07-04,27069,1,12
3151,2022-07-11,27069,1,12
3152,2022-07-18,27069,1,12
3153,2022-07-25,27069,1,12
3155,2022-08-01,27425,1,12
3156,2022-08-08,27692,1,12
3157,2022-08-15,27692,1,12
3158,2022-08-22,27692,1,12
3159,2022-08-29,27780,1,12
3161,2022-09-05,28308,1,12
3162,2022-09-12,28308,1,12
3163,2022-09-19,28308,1,12
3164,2022-09-26,32352,1,12
3166,2022-10-03,27790,1,12
3167,2022-10-10,27790,1,12
3168,2022-10-17,27790,1,12
3169,2022-10-24,27790,1,12
3170,2022-10-31,27808,1,12
3172,2022-11-07,27832,1,12
3173,2022-11-14,27832,1,12
3174,2022-11-21,27832,1,12
3175,2022-11-28,28167,1,12
3177,2022-12-05,30177,1,12
3178,2022-12-12,30177,1,12
3179,2022-12-19,30177,1,12
3180,2022-12-26,30177,1,12
3182,2023-01-02,26072,1,12
3183,2023-01-09,24430,1,12
3184,2023-01-16,24430,1,12
3185,2023-01-23,24430,1,12
3186,2023-01-30,24602,1,12
3188,2023-02-06,25032,1,12
3189,2023-02-13,25032,1,12
3190,2023-02-20,25032,1,12
3191,2023-02-27,21638,1,12
3193,2023-03-06,26306,1,12
3194,2023-03-13,26306,1,12
3195,2023-03-20,26306,1,12
3196,2023-03-27,26306,1,12
3198,2023-04-03,26786,1,12
3199,2023-04-10,26978,1,12
3200,2023-04-17,26978,1,12
3201,2023-04-24,26978,1,12
3203,2023-05-01,27334,1,12
3204,2023-05-08,28224,1,12
3205,2023-05-15,28224,1,12
3206,2023-05-22,28224,1,12
3207,2023-05-29,28224,1,12
3209,2023-06-05,27902,1,12
3210,2023-06-12,27902,1,12
3211,2023-06-19,27902,1,12
3212,2023-06-26,27902,1,12
3214,2023-07-03,28202,1,12
3215,2023-07-10,28427,1,12
3216,2023-07-17,28427,1,12
3217,2023-07-24,28427,1,12
3218,2023-07-31,28659,1,12
3220,2023-08-07,30051,1,12
3221,2023-08-14,30051,1,12
3222,2023-08-21,30051,1,12
3223,2023-08-28,30051,1,12
3225,2023-09-04,27741,1,12
3226,2023-09-11,27356,1,12
3227,2023-09-18,27356,1,12
3228,2023-09-25,31264,1,12
3230,2023-10-02,27956,1,12
3231,2023-10-09,28756,1,12
3232,2023-10-16,28756,1,12
3233,2023-10-23,28756,1,12
3234,2023-10-30,28496,1,12
3236,2023-11-06,26936,1,12
3237,2023-11-13,26936,1,12
3238,2023-11-20,26936,1,12
3239,2023-11-27,34632,1,12
3241,2023-11-06,0,1,12
3242,2023-11-13,0,1,12
3243,2023-11-20,0,1,12
3244,2023-11-27,0,1,12
3247,2019-06-03,0,2,6
3248,2019-06-10,0,2,6
3249,2019-06-17,0,2,6
3250,2019-06-24,0,2,6
3252,2019-07-01,0,2,6
3253,2019-07-08,0,2,6
3254,2019-07-15,0,2,6
3255,2019-07-22,0,2,6
3256,2019-07-29,0,2,6
3258,2019-08-05,0,2,6
3259,2019-08-12,0,2,6
3260,2019-08-19,0,2,6
3261,2019-08-26,0,2,6
3263,2019-09-02,0,2,6
3264,2019-09-09,0,2,6
3265,2019-09-16,0,2,6
3266,2019-09-23,0,2,6
3267,2019-09-30,0,2,6
3269,2019-09-30,0,2,6
3270,2019-10-07,0,2,6
3271,2019-10-14,0,2,6
3272,2019-10-21,0,2,6
3273,2019-10-28,0,2,6
3275,2019-11-04,0,2,6
3276,2019-11-11,0,2,6
3277,2019-11-18,0,2,6
3278,2019-11-25,0,2,6
3280,2019-12-02,0,2,6
3281,2019-12-09,0,2,6
3282,2019-12-16,0,2,6
3283,2019-12-23,0,2,6
3284,2019-12-30,0,2,6
3286,2020-01-06,0,2,6
3287,2020-01-13,0,2,6
3288,2020-01-20,0,2,6
3289,2020-01-27,0,2,6
3291,2020-02-03,0,2,6
3292,2020-02-10,0,2,6
3293,2020-02-17,0,2,6
3294,2020-02-24,0,2,6
3296,2020-03-02,0,2,6
3297,2020-03-09,0,2,6
3298,2020-03-16,0,2,6
3299,2020-03-23,0,2,6
3300,2020-03-30,0,2,6
3302,2020-04-06,0,2,6
3303,2020-04-13,0,2,6
3304,2020-04-20,0,2,6
3305,2020-04-27,0,2,6
3307,2020-05-04,0,2,6
3308,2020-05-11,0,2,6
3309,2020-05-18,0,2,6
3310,2020-05-25,0,2,6
3312,2020-06-01,0,2,6
3313,2020-06-08,0,2,6
3314,2020-06-15,0,2,6
3315,2020-06-22,0,2,6
3316,2020-06-29,0,2,6
3318,2020-07-06,0,2,6
3319,2020-07-13,0,2,6
3320,2020-07-20,0,2,6
3321,2020-07-27,0,2,6
3323,2020-08-03,0,2,6
3324,2020-08-10,0,2,6
3325,2020-08-17,0,2,6
3326,2020-08-24,0,2,6
3327,2020-08-31,0,2,6
3329,2020-09-07,0,2,6
3330,2020-09-14,0,2,6
3331,2020-09-21,0,2,6
3332,2020-09-28,0,2,6
3334,2020-10-05,0,2,6
3335,2020-10-12,0,2,6
3336,2020-10-19,0,2,6
3337,2020-10-26,0,2,6
3339,2020-11-02,0,2,6
3340,2020-11-09,0,2,6
3341,2020-11-16,0,2,6
3342,2020-11-23,0,2,6
3343,2020-11-30,0,2,6
3345,2020-12-07,0,2,6
3346,2020-12-14,0,2,6
3347,2020-12-21,0,2,6
3348,2020-12-28,0,2,6
3350,2021-01-04,0,2,6
3351,2021-01-11,0,2,6
3352,2021-01-18,0,2,6
3353,2021-01-25,0,2,6
3355,2021-02-01,0,2,6
3356,2021-02-08,0,2,6
3357,2021-02-15,0,2,6
3358,2021-02-22,0,2,6
3360,2021-03-08,0,2,6
3361,2021-03-15,0,2,6
3362,2021-03-22,0,2,6
3363,2021-03-29,0,2,6
3365,2021-04-05,0,2,6
3366,2021-04-12,0,2,6
3367,2021-04-19,0,2,6
3368,2021-04-26,0,2,6
3370,2021-05-03,0,2,6
3371,2021-05-10,0,2,6
3372,2021-05-17,0,2,6
3373,2021-05-24,0,2,6
3374,2021-05-31,0,2,6
3376,2021-06-07,0,2,6
3377,2021-06-14,0,2,6
3378,2021-06-21,0,2,6
3379,2021-06-28,0,2,6
3381,2021-07-05,0,2,6
3382,2021-07-12,0,2,6
3383,2021-07-19,0,2,6
3384,2021-07-26,0,2,6
3386,2021-08-02,0,2,6
3387,2021-08-09,0,2,6
3388,2021-08-16,0,2,6
3389,2021-08-23,0,2,6
3390,2021-08-30,196341,2,6
3392,2021-09-06,458129,2,6
3393,2021-09-13,458129,2,6
3394,2021-09-20,458129,2,6
3395,2021-09-27,527240,2,6
3397,2021-10-04,470953,2,6
3398,2021-10-11,470953,2,6
3399,2021-10-18,470953,2,6
3400,2021-10-25,470953,2,6
3402,2021-11-01,456553,2,6
3403,2021-11-08,450793,2,6
3404,2021-11-15,450793,2,6
3405,2021-11-22,450793,2,6
3406,2021-11-29,468466,2,6
3408,2021-12-06,492030,2,6
3409,2021-12-13,492030,2,6
3410,2021-12-20,492030,2,6
3411,2021-12-27,492030,2,6
3413,2022-01-03,437752,2,6
3414,2022-01-10,437752,2,6
3415,2022-01-17,437752,2,6
3416,2022-01-24,437752,2,6
3417,2022-01-31,444852,2,6
3419,2022-02-07,450177,2,6
3420,2022-02-14,450177,2,6
3421,2022-02-21,450177,2,6
3422,2022-02-28,395016,2,6
3424,2022-03-07,471527,2,6
3425,2022-03-14,471527,2,6
3426,2022-03-21,471527,2,6
3427,2022-03-28,471527,2,6
3429,2022-04-04,498344,2,6
3430,2022-04-11,498344,2,6
3431,2022-04-18,498344,2,6
3432,2022-04-25,498344,2,6
3434,2022-05-02,490919,2,6
3435,2022-05-09,487949,2,6
3436,2022-05-16,487949,2,6
3437,2022-05-23,487949,2,6
3438,2022-05-30,495581,2,6
3440,2022-06-06,514661,2,6
3441,2022-06-13,514661,2,6
3442,2022-06-20,514661,2,6
3443,2022-06-27,514661,2,6
3445,2022-07-04,507843,2,6
3446,2022-07-11,507843,2,6
3447,2022-07-18,507843,2,6
3448,2022-07-25,507843,2,6
3450,2022-08-01,514251,2,6
3451,2022-08-08,519057,2,6
3452,2022-08-15,519057,2,6
3453,2022-08-22,519057,2,6
3454,2022-08-29,520725,2,6
3456,2022-09-05,530733,2,6
3457,2022-09-12,530733,2,6
3458,2022-09-19,530733,2,6
3459,2022-09-26,606552,2,6
3461,2022-10-03,520772,2,6
3462,2022-10-10,520772,2,6
3463,2022-10-17,520772,2,6
3464,2022-10-24,520772,2,6
3465,2022-10-31,520688,2,6
3467,2022-11-07,520576,2,6
3468,2022-11-14,520576,2,6
3469,2022-11-21,520576,2,6
3470,2022-11-28,526849,2,6
3472,2022-12-05,564487,2,6
3473,2022-12-12,564487,2,6
3474,2022-12-19,564487,2,6
3475,2022-12-26,564487,2,6
3477,2023-01-02,489597,2,6
3478,2023-01-09,459641,2,6
3479,2023-01-16,459641,2,6
3480,2023-01-23,459641,2,6
3481,2023-01-30,463367,2,6
3483,2023-02-06,472682,2,6
3484,2023-02-13,472682,2,6
3485,2023-02-20,472682,2,6
3486,2023-02-27,408359,2,6
3488,2023-03-06,495103,2,6
3489,2023-03-13,495103,2,6
3490,2023-03-20,495103,2,6
3491,2023-03-27,495103,2,6
3493,2023-04-03,503163,2,6
3494,2023-04-10,506387,2,6
3495,2023-04-17,506387,2,6
3496,2023-04-24,506387,2,6
3498,2023-05-01,512969,2,6
3499,2023-05-08,529424,2,6
3500,2023-05-15,529424,2,6
3501,2023-05-22,529424,2,6
3502,2023-05-29,529424,2,6
3504,2023-06-05,522956,2,6
3505,2023-06-12,522956,2,6
3506,2023-06-19,522956,2,6
3507,2023-06-26,522956,2,6
3509,2023-07-03,528832,2,6
3510,2023-07-10,533239,2,6
3511,2023-07-17,533239,2,6
3512,2023-07-24,533239,2,6
3513,2023-07-31,537516,2,6
3515,2023-08-07,563178,2,6
3516,2023-08-14,563178,2,6
3517,2023-08-21,563178,2,6
3518,2023-08-28,563178,2,6
3520,2023-09-04,520104,2,6
3521,2023-09-11,512925,2,6
3522,2023-09-18,512925,2,6
3523,2023-09-25,586200,2,6
3525,2023-10-02,524040,2,6
3526,2023-10-09,538860,2,6
3527,2023-10-16,538860,2,6
3528,2023-10-23,538860,2,6
3529,2023-10-30,533849,2,6
3531,2023-11-06,503783,2,6
3532,2023-11-13,503783,2,6
3533,2023-11-20,503783,2,6
3534,2023-11-27,647721,2,6
3536,2023-11-06,0,2,6
3537,2023-11-13,0,2,6
3538,2023-11-20,0,2,6
3539,2023-11-27,0,2,6
3542,2019-06-03,0,4,11
3543,2019-06-10,0,4,11
3544,2019-06-17,0,4,11
3545,2019-06-24,0,4,11
3547,2019-07-01,0,4,11
3548,2019-07-08,0,4,11
3549,2019-07-15,0,4,11
3550,2019-07-22,0,4,11
3551,2019-07-29,0,4,11
3553,2019-08-05,0,4,11
3554,2019-08-12,0,4,11
3555,2019-08-19,0,4,11
3556,2019-08-26,0,4,11
3558,2019-09-02,0,4,11
3559,2019-09-09,0,4,11
3560,2019-09-16,0,4,11
3561,2019-09-23,0,4,11
3562,2019-09-30,0,4,11
3564,2019-09-30,0,4,11
3565,2019-10-07,0,4,11
3566,2019-10-14,0,4,11
3567,2019-10-21,0,4,11
3568,2019-10-28,0,4,11
3570,2019-11-04,0,4,11
3571,2019-11-11,0,4,11
3572,2019-11-18,0,4,11
3573,2019-11-25,0,4,11
3575,2019-12-02,0,4,11
3576,2019-12-09,0,4,11
3577,2019-12-16,0,4,11
3578,2019-12-23,0,4,11
3579,2019-12-30,0,4,11
3581,2020-01-06,0,4,11
3582,2020-01-13,0,4,11
3583,2020-01-20,0,4,11
3584,2020-01-27,0,4,11
3586,2020-02-03,0,4,11
3587,2020-02-10,0,4,11
3588,2020-02-17,0,4,11
3589,2020-02-24,0,4,11
3591,2020-03-02,0,4,11
3592,2020-03-09,0,4,11
3593,2020-03-16,0,4,11
3594,2020-03-23,0,4,11
3595,2020-03-30,0,4,11
3597,2020-04-06,0,4,11
3598,2020-04-13,0,4,11
3599,2020-04-20,0,4,11
3600,2020-04-27,0,4,11
3602,2020-05-04,0,4,11
3603,2020-05-11,0,4,11
3604,2020-05-18,0,4,11
3605,2020-05-25,0,4,11
3607,2020-06-01,0,4,11
3608,2020-06-08,0,4,11
3609,2020-06-15,0,4,11
3610,2020-06-22,0,4,11
3611,2020-06-29,0,4,11
3613,2020-07-06,0,4,11
3614,2020-07-13,0,4,11
3615,2020-07-20,0,4,11
3616,2020-07-27,0,4,11
3618,2020-08-03,0,4,11
3619,2020-08-10,0,4,11
3620,2020-08-17,0,4,11
3621,2020-08-24,0,4,11
3622,2020-08-31,0,4,11
3624,2020-09-07,0,4,11
3625,2020-09-14,0,4,11
3626,2020-09-21,0,4,11
3627,2020-09-28,0,4,11
3629,2020-10-05,0,4,11
3630,2020-10-12,0,4,11
3631,2020-10-19,0,4,11
3632,2020-10-26,0,4,11
3634,2020-11-02,0,4,11
3635,2020-11-09,0,4,11
3636,2020-11-16,0,4,11
3637,2020-11-23,0,4,11
3638,2020-11-30,0,4,11
3640,2020-12-07,0,4,11
3641,2020-12-14,0,4,11
3642,2020-12-21,0,4,11
3643,2020-12-28,0,4,11
3645,2021-01-04,0,4,11
3646,2021-01-11,0,4,11
3647,2021-01-18,0,4,11
3648,2021-01-25,0,4,11
3650,2021-02-01,0,4,11
3651,2021-02-08,0,4,11
3652,2021-02-15,0,4,11
3653,2021-02-22,0,4,11
3655,2021-03-08,0,4,11
3656,2021-03-15,0,4,11
3657,2021-03-22,0,4,11
3658,2021-03-29,0,4,11
3660,2021-04-05,0,4,11
3661,2021-04-12,0,4,11
3662,2021-04-19,0,4,11
3663,2021-04-26,0,4,11
3665,2021-05-03,0,4,11
3666,2021-05-10,0,4,11
3667,2021-05-17,0,4,11
3668,2021-05-24,0,4,11
3669,2021-05-31,0,4,11
3671,2021-06-07,0,4,11
3672,2021-06-14,0,4,11
3673,2021-06-21,0,4,11
3674,2021-06-28,0,4,11
3676,2021-07-05,0,4,11
3677,2021-07-12,0,4,11
3678,2021-07-19,0,4,11
3679,2021-07-26,0,4,11
3681,2021-08-02,0,4,11
3682,2021-08-09,0,4,11
3683,2021-08-16,0,4,11
3684,2021-08-23,0,4,11
3685,2021-08-30,0,4,11
3687,2021-09-06,0,4,11
3688,2021-09-13,0,4,11
3689,2021-09-20,0,4,11
3690,2021-09-27,0,4,11
3692,2021-10-04,0,4,11
3693,2021-10-11,0,4,11
3694,2021-10-18,0,4,11
3695,2021-10-25,0,4,11
3697,2021-11-01,0,4,11
3698,2021-11-08,0,4,11
3699,2021-11-15,0,4,11
3700,2021-11-22,0,4,11
3701,2021-11-29,0,4,11
3703,2021-12-06,0,4,11
3704,2021-12-13,0,4,11
3705,2021-12-20,0,4,11
3706,2021-12-27,0,4,11
3708,2022-01-03,0,4,11
3709,2022-01-10,0,4,11
3710,2022-01-17,0,4,11
3711,2022-01-24,0,4,11
3712,2022-01-31,0,4,11
3714,2022-02-07,0,4,11
3715,2022-02-14,0,4,11
3716,2022-02-21,0,4,11
3717,2022-02-28,0,4,11
3719,2022-03-07,0,4,11
3720,2022-03-14,0,4,11
3721,2022-03-21,0,4,11
3722,2022-03-28,0,4,11
3724,2022-04-04,0,4,11
3725,2022-04-11,0,4,11
3726,2022-04-18,0,4,11
3727,2022-04-25,0,4,11
3729,2022-05-02,0,4,11
3730,2022-05-09,0,4,11
3731,2022-05-16,0,4,11
3732,2022-05-23,0,4,11
3733,2022-05-30,0,4,11
3735,2022-06-06,0,4,11
3736,2022-06-13,0,4,11
3737,2022-06-20,0,4,11
3738,2022-06-27,0,4,11
3740,2022-07-04,0,4,11
3741,2022-07-11,0,4,11
3742,2022-07-18,0,4,11
3743,2022-07-25,0,4,11
3745,2022-08-01,0,4,11
3746,2022-08-08,0,4,11
3747,2022-08-15,0,4,11
3748,2022-08-22,0,4,11
3749,2022-08-29,0,4,11
3751,2022-09-05,0,4,11
3752,2022-09-12,0,4,11
3753,2022-09-19,0,4,11
3754,2022-09-26,0,4,11
3756,2022-10-03,0,4,11
3757,2022-10-10,0,4,11
3758,2022-10-17,0,4,11
3759,2022-10-24,0,4,11
3760,2022-10-31,0,4,11
3762,2022-11-07,0,4,11
3763,2022-11-14,0,4,11
3764,2022-11-21,0,4,11
3765,2022-11-28,0,4,11
3767,2022-12-05,0,4,11
3768,2022-12-12,0,4,11
3769,2022-12-19,0,4,11
3770,2022-12-26,0,4,11
3772,2023-01-02,0,4,11
3773,2023-01-09,0,4,11
3774,2023-01-16,0,4,11
3775,2023-01-23,0,4,11
3776,2023-01-30,0,4,11
3778,2023-02-06,0,4,11
3779,2023-02-13,0,4,11
3780,2023-02-20,0,4,11
3781,2023-02-27,0,4,11
3783,2023-03-06,0,4,11
3784,2023-03-13,0,4,11
3785,2023-03-20,0,4,11
3786,2023-03-27,0,4,11
3788,2023-04-03,0,4,11
3789,2023-04-10,0,4,11
3790,2023-04-17,0,4,11
3791,2023-04-24,0,4,11
3793,2023-05-01,0,4,11
3794,2023-05-08,0,4,11
3795,2023-05-15,0,4,11
3796,2023-05-22,0,4,11
3797,2023-05-29,0,4,11
3799,2023-06-05,0,4,11
3800,2023-06-12,0,4,11
3801,2023-06-19,0,4,11
3802,2023-06-26,0,4,11
3804,2023-07-03,0,4,11
3805,2023-07-10,0,4,11
3806,2023-07-17,0,4,11
3807,2023-07-24,0,4,11
3808,2023-07-31,0,4,11
3810,2023-08-07,0,4,11
3811,2023-08-14,0,4,11
3812,2023-08-21,0,4,11
3813,2023-08-28,0,4,11
3815,2023-09-04,0,4,11
3816,2023-09-11,0,4,11
3817,2023-09-18,0,4,11
3818,2023-09-25,0,4,11
3820,2023-10-02,0,4,11
3821,2023-10-09,0,4,11
3822,2023-10-16,0,4,11
3823,2023-10-23,0,4,11
3824,2023-10-30,0,4,11
3826,2023-11-06,0,4,11
3827,2023-11-13,0,4,11
3828,2023-11-20,0,4,11
3829,2023-11-27,0,4,11
3831,2023-11-06,0,4,11
3832,2023-11-13,0,4,11
3833,2023-11-20,0,4,11
3834,2023-11-27,0,4,11
3837,2019-06-03,0,3,5
3838,2019-06-10,0,3,5
3839,2019-06-17,0,3,5
3840,2019-06-24,0,3,5
3842,2019-07-01,0,3,5
3843,2019-07-08,0,3,5
3844,2019-07-15,0,3,5
3845,2019-07-22,0,3,5
3846,2019-07-29,0,3,5
3848,2019-08-05,0,3,5
3849,2019-08-12,0,3,5
3850,2019-08-19,0,3,5
3851,2019-08-26,0,3,5
3853,2019-09-02,0,3,5
3854,2019-09-09,0,3,5
3855,2019-09-16,0,3,5
3856,2019-09-23,0,3,5
3857,2019-09-30,0,3,5
3859,2019-09-30,0,3,5
3860,2019-10-07,0,3,5
3861,2019-10-14,0,3,5
3862,2019-10-21,0,3,5
3863,2019-10-28,0,3,5
3865,2019-11-04,0,3,5
3866,2019-11-11,0,3,5
3867,2019-11-18,0,3,5
3868,2019-11-25,0,3,5
3870,2019-12-02,0,3,5
3871,2019-12-09,0,3,5
3872,2019-12-16,0,3,5
3873,2019-12-23,0,3,5
3874,2019-12-30,0,3,5
3876,2020-01-06,0,3,5
3877,2020-01-13,0,3,5
3878,2020-01-20,0,3,5
3879,2020-01-27,0,3,5
3881,2020-02-03,0,3,5
3882,2020-02-10,0,3,5
3883,2020-02-17,0,3,5
3884,2020-02-24,0,3,5
3886,2020-03-02,0,3,5
3887,2020-03-09,0,3,5
3888,2020-03-16,0,3,5
3889,2020-03-23,0,3,5
3890,2020-03-30,0,3,5
3892,2020-04-06,0,3,5
3893,2020-04-13,0,3,5
3894,2020-04-20,0,3,5
3895,2020-04-27,0,3,5
3897,2020-05-04,0,3,5
3898,2020-05-11,0,3,5
3899,2020-05-18,0,3,5
3900,2020-05-25,0,3,5
3902,2020-06-01,0,3,5
3903,2020-06-08,0,3,5
3904,2020-06-15,0,3,5
3905,2020-06-22,0,3,5
3906,2020-06-29,0,3,5
3908,2020-07-06,0,3,5
3909,2020-07-13,0,3,5
3910,2020-07-20,0,3,5
3911,2020-07-27,0,3,5
3913,2020-08-03,0,3,5
3914,2020-08-10,0,3,5
3915,2020-08-17,0,3,5
3916,2020-08-24,0,3,5
3917,2020-08-31,0,3,5
3919,2020-09-07,0,3,5
3920,2020-09-14,0,3,5
3921,2020-09-21,0,3,5
3922,2020-09-28,0,3,5
3924,2020-10-05,0,3,5
3925,2020-10-12,0,3,5
3926,2020-10-19,0,3,5
3927,2020-10-26,0,3,5
3929,2020-11-02,0,3,5
3930,2020-11-09,0,3,5
3931,2020-11-16,0,3,5
3932,2020-11-23,0,3,5
3933,2020-11-30,0,3,5
3935,2020-12-07,0,3,5
3936,2020-12-14,0,3,5
3937,2020-12-21,0,3,5
3938,2020-12-28,0,3,5
3940,2021-01-04,0,3,5
3941,2021-01-11,0,3,5
3942,2021-01-18,0,3,5
3943,2021-01-25,0,3,5
3945,2021-02-01,0,3,5
3946,2021-02-08,0,3,5
3947,2021-02-15,0,3,5
3948,2021-02-22,0,3,5
3950,2021-03-08,0,3,5
3951,2021-03-15,0,3,5
3952,2021-03-22,0,3,5
3953,2021-03-29,0,3,5
3955,2021-04-05,0,3,5
3956,2021-04-12,0,3,5
3957,2021-04-19,0,3,5
3958,2021-04-26,0,3,5
3960,2021-05-03,0,3,5
3961,2021-05-10,0,3,5
3962,2021-05-17,0,3,5
3963,2021-05-24,0,3,5
3964,2021-05-31,0,3,5
3966,2021-06-07,0,3,5
3967,2021-06-14,0,3,5
3968,2021-06-21,0,3,5
3969,2021-06-28,0,3,5
3971,2021-07-05,0,3,5
3972,2021-07-12,0,3,5
3973,2021-07-19,0,3,5
3974,2021-07-26,0,3,5
3976,2021-08-02,0,3,5
3977,2021-08-09,0,3,5
3978,2021-08-16,0,3,5
3979,2021-08-23,0,3,5
3980,2021-08-30,17289,3,5
3982,2021-09-06,40341,3,5
3983,2021-09-13,40341,3,5
3984,2021-09-20,40341,3,5
3985,2021-09-27,46428,3,5
3987,2021-10-04,41475,3,5
3988,2021-10-11,41475,3,5
3989,2021-10-18,41475,3,5
3990,2021-10-25,41475,3,5
3992,2021-11-01,40105,3,5
3993,2021-11-08,39557,3,5
3994,2021-11-15,39557,3,5
3995,2021-11-22,39557,3,5
3996,2021-11-29,41204,3,5
3998,2021-12-06,43400,3,5
3999,2021-12-13,43400,3,5
4000,2021-12-20,43400,3,5
4001,2021-12-27,43400,3,5
4003,2022-01-03,23268,3,5
4004,2022-01-10,23268,3,5
4005,2022-01-17,23268,3,5
4006,2022-01-24,23268,3,5
4007,2022-01-31,23596,3,5
4009,2022-02-07,23842,3,5
4010,2022-02-14,23842,3,5
4011,2022-02-21,23842,3,5
4012,2022-02-28,20955,3,5
4014,2022-03-07,25053,3,5
4015,2022-03-14,25053,3,5
4016,2022-03-21,25053,3,5
4017,2022-03-28,25053,3,5
4019,2022-04-04,26551,3,5
4020,2022-04-11,26551,3,5
4021,2022-04-18,26551,3,5
4022,2022-04-25,26551,3,5
4024,2022-05-02,26166,3,5
4025,2022-05-09,26012,3,5
4026,2022-05-16,26012,3,5
4027,2022-05-23,26012,3,5
4028,2022-05-30,26426,3,5
4030,2022-06-06,27461,3,5
4031,2022-06-13,27461,3,5
4032,2022-06-20,27461,3,5
4033,2022-06-27,27461,3,5
4035,2022-07-04,27069,3,5
4036,2022-07-11,27069,3,5
4037,2022-07-18,27069,3,5
4038,2022-07-25,27069,3,5
4040,2022-08-01,27425,3,5
4041,2022-08-08,27692,3,5
4042,2022-08-15,27692,3,5
4043,2022-08-22,27692,3,5
4044,2022-08-29,27780,3,5
4046,2022-09-05,28308,3,5
4047,2022-09-12,28308,3,5
4048,2022-09-19,28308,3,5
4049,2022-09-26,32352,3,5
4051,2022-10-03,27790,3,5
4052,2022-10-10,27790,3,5
4053,2022-10-17,27790,3,5
4054,2022-10-24,27790,3,5
4055,2022-10-31,27808,3,5
4057,2022-11-07,27832,3,5
4058,2022-11-14,27832,3,5
4059,2022-11-21,27832,3,5
4060,2022-11-28,28167,3,5
4062,2022-12-05,30177,3,5
4063,2022-12-12,30177,3,5
4064,2022-12-19,30177,3,5
4065,2022-12-26,30177,3,5
4067,2023-01-02,26072,3,5
4068,2023-01-09,24430,3,5
4069,2023-01-16,24430,3,5
4070,2023-01-23,24430,3,5
4071,2023-01-30,24602,3,5
4073,2023-02-06,25032,3,5
4074,2023-02-13,25032,3,5
4075,2023-02-20,25032,3,5
4076,2023-02-27,21638,3,5
4078,2023-03-06,26306,3,5
4079,2023-03-13,26306,3,5
4080,2023-03-20,26306,3,5
4081,2023-03-27,26306,3,5
4083,2023-04-03,26786,3,5
4084,2023-04-10,26978,3,5
4085,2023-04-17,26978,3,5
4086,2023-04-24,26978,3,5
4088,2023-05-01,27334,3,5
4089,2023-05-08,28224,3,5
4090,2023-05-15,28224,3,5
4091,2023-05-22,28224,3,5
4092,2023-05-29,28224,3,5
4094,2023-06-05,27902,3,5
4095,2023-06-12,27902,3,5
4096,2023-06-19,27902,3,5
4097,2023-06-26,27902,3,5
4099,2023-07-03,28202,3,5
4100,2023-07-10,28427,3,5
4101,2023-07-17,28427,3,5
4102,2023-07-24,28427,3,5
4103,2023-07-31,28659,3,5
4105,2023-08-07,30051,3,5
4106,2023-08-14,30051,3,5
4107,2023-08-21,30051,3,5
4108,2023-08-28,30051,3,5
4110,2023-09-04,27741,3,5
4111,2023-09-11,27356,3,5
4112,2023-09-18,27356,3,5
4113,2023-09-25,31264,3,5
4115,2023-10-02,27956,3,5
4116,2023-10-09,28756,3,5
4117,2023-10-16,28756,3,5
4118,2023-10-23,28756,3,5
4119,2023-10-30,28496,3,5
4121,2023-11-06,26936,3,5
4122,2023-11-13,26936,3,5
4123,2023-11-20,26936,3,5
4124,2023-11-27,34632,3,5
4126,2023-11-06,0,3,5
4127,2023-11-13,0,3,5
4128,2023-11-20,0,3,5
4129,2023-11-27,0,3,5
